{
    "104": [
        "CHRG-104hhrg37344",
        "CHRG-104hhrg21293",
        "CHRG-104hhrg37345"
    ],
    "105": [
        "CHRG-105hhrg41071",
        "CHRG-105shrg51772",
        "CHRG-105shrg39857",
        "CHRG-105shrg50167",
        "CHRG-105shrg44300",
        "CHRG-105shrg48628",
        "CHRG-105hhrg44262",
        "CHRG-105shrg50025",
        "CHRG-105shrg47753",
        "CHRG-105shrg39865",
        "CHRG-105shrg43781",
        "CHRG-105shrg50539",
        "CHRG-105hhrg45480",
        "CHRG-105shrg49463",
        "CHRG-105shrg51128",
        "CHRG-105hhrg40509",
        "CHRG-105shrg51565",
        "CHRG-105hhrg46442",
        "CHRG-105shrg53117",
        "CHRG-105shrg49265",
        "CHRG-105hhrg46343",
        "CHRG-105hhrg45381",
        "CHRG-105shrg46832",
        "CHRG-105shrg40890",
        "CHRG-105hhrg39819",
        "CHRG-105hhrg43150",
        "CHRG-105shrg46661",
        "CHRG-105hhrg40431",
        "CHRG-105shrg44512",
        "CHRG-105hhrg38711",
        "CHRG-105shrg49526",
        "CHRG-105hhrg45061",
        "CHRG-105hhrg41517",
        "CHRG-105shrg51624",
        "CHRG-105hhrg42531",
        "CHRG-105shrg40187",
        "CHRG-105hhrg42192",
        "CHRG-105shrg44110",
        "CHRG-105shrg50814",
        "CHRG-105hhrg56323",
        "CHRG-105shrg39834",
        "CHRG-105hhrg42953",
        "CHRG-105shrg46160",
        "CHRG-105shrg46117",
        "CHRG-105hhrg45667",
        "CHRG-105shrg54698",
        "CHRG-105shrg50913",
        "CHRG-105hhrg40872",
        "CHRG-105shrg39641",
        "CHRG-105shrg49445",
        "CHRG-105hhrg41799",
        "CHRG-105shrg49746",
        "CHRG-105hhrg45631",
        "CHRG-105shrg46492",
        "CHRG-105hhrg44833",
        "CHRG-105hhrg39659",
        "CHRG-105shrg49392",
        "CHRG-105shrg39862",
        "CHRG-105shrg42397",
        "CHRG-105hhrg42460",
        "CHRG-105shrg46090",
        "CHRG-105shrg39827",
        "CHRG-105hhrg44892",
        "CHRG-105hhrg43748",
        "CHRG-105hhrg46528",
        "CHRG-105hhrg45403",
        "CHRG-105shrg48165",
        "CHRG-105hhrg41005",
        "CHRG-105hhrg43746",
        "CHRG-105shrg47164",
        "CHRG-105shrg49546",
        "CHRG-105shrg44045",
        "CHRG-105shrg39866",
        "CHRG-105hhrg44930",
        "CHRG-105hhrg46769",
        "CHRG-105shrg49638",
        "CHRG-105hhrg45902",
        "CHRG-105hhrg42636",
        "CHRG-105shrg48230",
        "CHRG-105shrg49528",
        "CHRG-105hhrg45991",
        "CHRG-105hhrg46497",
        "CHRG-105shrg46121",
        "CHRG-105shrg50138",
        "CHRG-105shrg53879",
        "CHRG-105hhrg41844",
        "CHRG-105shrg47739",
        "CHRG-105hhrg42191",
        "CHRG-105hhrg46777",
        "CHRG-105hhrg41843",
        "CHRG-105hhrg45062",
        "CHRG-105shrg52952",
        "CHRG-105hhrg43839",
        "CHRG-105shrg46662",
        "CHRG-105shrg46114",
        "CHRG-105hhrg44176",
        "CHRG-105shrg39719",
        "CHRG-105shrg44087",
        "CHRG-105hhrg60980",
        "CHRG-105shrg46491",
        "CHRG-105hhrg77457",
        "CHRG-105hhrg42315",
        "CHRG-105shrg51671",
        "CHRG-105shrg49670",
        "CHRG-105shrg46099",
        "CHRG-105shrg46093",
        "CHRG-105hhrg41196",
        "CHRG-105hhrg42717",
        "CHRG-105hhrg45479",
        "CHRG-105shrg44070",
        "CHRG-105hhrg45404",
        "CHRG-105hhrg43102",
        "CHRG-105hhrg45174",
        "CHRG-105hhrg45434",
        "CHRG-105shrg49637",
        "CHRG-105shrg39863",
        "CHRG-105hhrg39381",
        "CHRG-105shrg49393",
        "CHRG-105hhrg45630",
        "CHRG-105shrg48055",
        "CHRG-105shrg50023",
        "CHRG-105hhrg40482",
        "CHRG-105hhrg45951",
        "CHRG-105hhrg46269",
        "CHRG-105shrg54619",
        "CHRG-105shrg46105",
        "CHRG-105shrg54769",
        "CHRG-105shrg50901",
        "CHRG-105shrg50976",
        "CHRG-105hhrg46319",
        "CHRG-105hhrg44342",
        "CHRG-105shrg49527",
        "CHRG-105shrg51901",
        "CHRG-105shrg51088",
        "CHRG-105hhrg44131",
        "CHRG-105shrg46124",
        "CHRG-105hhrg42530",
        "CHRG-105shrg50137",
        "CHRG-105shrg46159",
        "CHRG-105shrg44085",
        "CHRG-105shrg50815",
        "CHRG-105shrg54770",
        "CHRG-105hhrg45251",
        "CHRG-105shrg46111",
        "CHRG-105shrg43816",
        "CHRG-105hhrg40795",
        "CHRG-105shrg51257",
        "CHRG-105shrg51564",
        "CHRG-105shrg43745",
        "CHRG-105shrg49462",
        "CHRG-105hhrg46778",
        "CHRG-105hhrg43668",
        "CHRG-105shrg40875",
        "CHRG-105hhrg43516",
        "CHRG-105shrg49427",
        "CHRG-105hhrg39818",
        "CHRG-105hhrg46219",
        "CHRG-105shrg39856",
        "CHRG-105shrg46108",
        "CHRG-105shrg50166",
        "CHRG-105shrg46102",
        "CHRG-105shrg46096",
        "CHRG-105hhrg45672",
        "CHRG-105shrg46812",
        "CHRG-105hhrg44527",
        "CHRG-105hhrg39564",
        "CHRG-105shrg47725",
        "CHRG-105hhrg42429",
        "CHRG-105shrg39864",
        "CHRG-105shrg50024",
        "CHRG-105shrg44790",
        "CHRG-105hhrg40904",
        "CHRG-105jhrg42281",
        "CHRG-105shrg39860",
        "CHRG-105shrg44043",
        "CHRG-105shrg50323",
        "CHRG-105hhrg41887",
        "CHRG-105shrg39858",
        "CHRG-105shrg49671",
        "CHRG-105hhrg46284",
        "CHRG-105hhrg46559",
        "CHRG-105hhrg45405",
        "CHRG-105shrg48627",
        "CHRG-105hhrg51662",
        "CHRG-105shrg47150",
        "CHRG-105shrg51954",
        "CHRG-105hhrg45478",
        "CHRG-105shrg49650",
        "CHRG-105hhrg41842",
        "CHRG-105hhrg90483",
        "CHRG-105hhrg77432",
        "CHRG-105hhrg44274",
        "CHRG-105shrg44086",
        "CHRG-105shrg51127",
        "CHRG-105hhrg46177",
        "CHRG-105shrg39831",
        "CHRG-105shrg46086",
        "CHRG-105hhrg40342",
        "CHRG-105hhrg45252",
        "CHRG-105hhrg46496",
        "CHRG-105shrg50139",
        "CHRG-105hhrg44389",
        "CHRG-105hhrg43913",
        "CHRG-105hhrg43747",
        "CHRG-105jhrg45244",
        "CHRG-105shrg39855",
        "CHRG-105shrg51198",
        "CHRG-105shrg44044",
        "CHRG-105hhrg39522",
        "CHRG-105shrg48618",
        "CHRG-105shrg47361"
    ],
    "106": [
        "CHRG-106hhrg64876",
        "CHRG-106shrg55823",
        "CHRG-106hhrg72448",
        "CHRG-106shrg58884",
        "CHRG-106hhrg65773",
        "CHRG-106shrg63523",
        "CHRG-106hhrg61205",
        "CHRG-106hhrg55156",
        "CHRG-106hhrg75062",
        "CHRG-106hhrg56983",
        "CHRG-106hhrg74707",
        "CHRG-106hhrg70438",
        "CHRG-106hhrg62664",
        "CHRG-106shrg54972",
        "CHRG-106hhrg70548",
        "CHRG-106hhrg61296",
        "CHRG-106shrg55770",
        "CHRG-106hhrg57559",
        "CHRG-106hhrg59861",
        "CHRG-106shrg69746",
        "CHRG-106shrg67653",
        "CHRG-106shrg67624",
        "CHRG-106shrg63941",
        "CHRG-106hhrg57169",
        "CHRG-106hhrg68775",
        "CHRG-106hhrg62972",
        "CHRG-106hhrg56606",
        "CHRG-106shrg67659",
        "CHRG-106hhrg66789",
        "CHRG-106hhrg64024",
        "CHRG-106shrg64691",
        "CHRG-106hhrg61039",
        "CHRG-106shrg65450",
        "CHRG-106shrg66498",
        "CHRG-106shrg55888",
        "CHRG-106shrg68563",
        "CHRG-106hhrg62621",
        "CHRG-106hhrg68506",
        "CHRG-106hhrg66464",
        "CHRG-106hhrg65915",
        "CHRG-106shrg62810",
        "CHRG-106hhrg67636",
        "CHRG-106hhrg67392",
        "CHRG-106hhrg61428",
        "CHRG-106hhrg68263",
        "CHRG-106hhrg59837",
        "CHRG-106shrg62681",
        "CHRG-106shrg57687",
        "CHRG-106shrg64654",
        "CHRG-106hhrg67153",
        "CHRG-106shrg57057",
        "CHRG-106hhrg72752",
        "CHRG-106hhrg60954",
        "CHRG-106hhrg73593",
        "CHRG-106hhrg67250",
        "CHRG-106hhrg65463",
        "CHRG-106hhrg64306",
        "CHRG-106shrg54230",
        "CHRG-106hhrg71535",
        "CHRG-106hhrg61840",
        "CHRG-106hhrg70660",
        "CHRG-106hhrg55644",
        "CHRG-106hhrg67116",
        "CHRG-106hhrg71178",
        "CHRG-106hhrg55639",
        "CHRG-106shrg56954",
        "CHRG-106hhrg67551",
        "CHRG-106shrg67393",
        "CHRG-106hhrg57447",
        "CHRG-106hhrg72934",
        "CHRG-106shrg66481",
        "CHRG-106hhrg59991",
        "CHRG-106hhrg58504",
        "CHRG-106shrg67980",
        "CHRG-106hhrg56931",
        "CHRG-106shrg61045",
        "CHRG-106shrg56777",
        "CHRG-106hhrg71731",
        "CHRG-106shrg62803",
        "CHRG-106hhrg64343",
        "CHRG-106shrg64838",
        "CHRG-106hhrg67312",
        "CHRG-106hhrg65906",
        "CHRG-106shrg57452",
        "CHRG-106hhrg70580",
        "CHRG-106hhrg58497",
        "CHRG-106hhrg58959",
        "CHRG-106hhrg58503",
        "CHRG-106shrg57118",
        "CHRG-106shrg68773",
        "CHRG-106hhrg56026",
        "CHRG-106hhrg60888",
        "CHRG-106hhrg64703",
        "CHRG-106hhrg63517",
        "CHRG-106shrg59960",
        "CHRG-106shrg57802",
        "CHRG-106shrg61048",
        "CHRG-106hhrg65901",
        "CHRG-106hhrg58509",
        "CHRG-106hhrg65268",
        "CHRG-106hhrg63663",
        "CHRG-106hhrg61120",
        "CHRG-106hhrg55643",
        "CHRG-106hhrg64030",
        "CHRG-106hhrg67111",
        "CHRG-106shrg69752",
        "CHRG-106shrg63578",
        "CHRG-106shrg67394",
        "CHRG-106hhrg69819",
        "CHRG-106hhrg72933",
        "CHRG-106hhrg57440",
        "CHRG-106hhrg55148",
        "CHRG-106hhrg72722",
        "CHRG-106hhrg66078",
        "CHRG-106hhrg58811",
        "CHRG-106shrg69414",
        "CHRG-106shrg65338",
        "CHRG-106hhrg73594",
        "CHRG-106hhrg66968",
        "CHRG-106shrg65345",
        "CHRG-106hhrg68877",
        "CHRG-106shrg61867",
        "CHRG-106shrg62781",
        "CHRG-106shrg58453",
        "CHRG-106jhrg59418",
        "CHRG-106shrg63000",
        "CHRG-106hhrg67154",
        "CHRG-106hhrg61528",
        "CHRG-106hhrg65912",
        "CHRG-106hhrg65548",
        "CHRG-106shrg71969",
        "CHRG-106hhrg64767",
        "CHRG-106hhrg56145",
        "CHRG-106hhrg71622",
        "CHRG-106hhrg60972",
        "CHRG-106shrg62430",
        "CHRG-106hhrg62366",
        "CHRG-106shrg61416",
        "CHRG-106shrg59523",
        "CHRG-106hhrg58510",
        "CHRG-106hhrg63044",
        "CHRG-106hhrg56508",
        "CHRG-106hhrg54578",
        "CHRG-106hhrg61043",
        "CHRG-106shrg63946",
        "CHRG-106hhrg61509",
        "CHRG-106shrg57735",
        "CHRG-106hhrg62975",
        "CHRG-106hhrg64029",
        "CHRG-106hhrg60361",
        "CHRG-106hhrg56601",
        "CHRG-106hhrg64023",
        "CHRG-106shrg67363",
        "CHRG-106shrg54224",
        "CHRG-106hhrg60621",
        "CHRG-106shrg59317",
        "CHRG-106shrg65766",
        "CHRG-106hhrg55151",
        "CHRG-106shrg58373",
        "CHRG-106shrg71576",
        "CHRG-106hhrg70435",
        "CHRG-106hhrg66876",
        "CHRG-106hhrg64652",
        "CHRG-106hhrg62410",
        "CHRG-106shrg62346",
        "CHRG-106hhrg62467",
        "CHRG-106shrg73031",
        "CHRG-106shrg61360",
        "CHRG-106hhrg65673",
        "CHRG-106hhrg65604",
        "CHRG-106hhrg72912",
        "CHRG-106shrg68451",
        "CHRG-106shrg67221",
        "CHRG-106hhrg64901",
        "CHRG-106hhrg60254",
        "CHRG-106hhrg62560",
        "CHRG-106hhrg60359",
        "CHRG-106shrg65055",
        "CHRG-106hhrg63308",
        "CHRG-106shrg68756",
        "CHRG-106hhrg60933",
        "CHRG-106shrg61420",
        "CHRG-106hhrg56869",
        "CHRG-106hhrg74704",
        "CHRG-106hhrg75061",
        "CHRG-106shrg63623",
        "CHRG-106hhrg63102",
        "CHRG-106hhrg55155",
        "CHRG-106hhrg66012",
        "CHRG-106hhrg60939",
        "CHRG-106shrg61870",
        "CHRG-106hhrg74927",
        "CHRG-106shrg54212",
        "CHRG-106shrg65461",
        "CHRG-106shrg62778",
        "CHRG-106hhrg64808",
        "CHRG-106shrg54218",
        "CHRG-106hhrg70278",
        "CHRG-106shrg62772",
        "CHRG-106shrg61364",
        "CHRG-106hhrg67039",
        "CHRG-106hhrg60357",
        "CHRG-106hhrg74494",
        "CHRG-106hhrg71388",
        "CHRG-106hhrg75059",
        "CHRG-106hhrg58514",
        "CHRG-106shrg56320",
        "CHRG-106hhrg67635",
        "CHRG-106shrg61412",
        "CHRG-106shrg57075",
        "CHRG-106hhrg64769",
        "CHRG-106shrg61418",
        "CHRG-106shrg62813",
        "CHRG-106shrg70662",
        "CHRG-106hhrg57729",
        "CHRG-106hhrg64763",
        "CHRG-106hhrg65916",
        "CHRG-106hhrg66467",
        "CHRG-106hhrg62622",
        "CHRG-106hhrg64027",
        "CHRG-106hhrg56605",
        "CHRG-106shrg63948",
        "CHRG-106hhrg60286",
        "CHRG-106hhrg62971",
        "CHRG-106shrg69745",
        "CHRG-106shrg63942",
        "CHRG-106hhrg66224",
        "CHRG-106hhrg64510",
        "CHRG-106hhrg68019",
        "CHRG-106shrg60782",
        "CHRG-106shrg70309",
        "CHRG-106shrg62155",
        "CHRG-106hhrg72288",
        "CHRG-106hhrg74760",
        "CHRG-106shrg55220",
        "CHRG-106shrg67858",
        "CHRG-106shrg54532",
        "CHRG-106hhrg72361",
        "CHRG-106hhrg66541",
        "CHRG-106hhrg73924",
        "CHRG-106shrg61869",
        "CHRG-106hhrg74833",
        "CHRG-106shrg64317",
        "CHRG-106shrg60125",
        "CHRG-106hhrg72522",
        "CHRG-106hhrg58499",
        "CHRG-106hhrg65905",
        "CHRG-106shrg68240",
        "CHRG-106hhrg64770",
        "CHRG-106shrg57116",
        "CHRG-106hhrg67626",
        "CHRG-106hhrg70057",
        "CHRG-106hhrg59652",
        "CHRG-106hhrg58507",
        "CHRG-106hhrg58493",
        "CHRG-106shrg61046",
        "CHRG-106shrg59863",
        "CHRG-106hhrg72583",
        "CHRG-106hhrg57444",
        "CHRG-106hhrg59992",
        "CHRG-106shrg66482",
        "CHRG-106shrg54239",
        "CHRG-106shrg60900",
        "CHRG-106hhrg67018",
        "CHRG-106hhrg67115",
        "CHRG-106hhrg62968",
        "CHRG-106hhrg64034",
        "CHRG-106hhrg64043",
        "CHRG-106hhrg64590",
        "CHRG-106hhrg64473",
        "CHRG-106hhrg57439",
        "CHRG-106hhrg64490",
        "CHRG-106hhrg59995",
        "CHRG-106hhrg57443",
        "CHRG-106shrg56950",
        "CHRG-106hhrg65382",
        "CHRG-106hhrg67996",
        "CHRG-106shrg69751",
        "CHRG-106hhrg61839",
        "CHRG-106hhrg67112",
        "CHRG-106hhrg55637",
        "CHRG-106hhrg55640",
        "CHRG-106hhrg64044",
        "CHRG-106shrg60899",
        "CHRG-106hhrg64033",
        "CHRG-106hhrg67118",
        "CHRG-106shrg61245",
        "CHRG-106hhrg59451",
        "CHRG-106hhrg57449",
        "CHRG-106hhrg69867",
        "CHRG-106shrg56857",
        "CHRG-106hhrg65902",
        "CHRG-106shrg55215",
        "CHRG-106hhrg63843",
        "CHRG-106hhrg71742",
        "CHRG-106shrg63248",
        "CHRG-106shrg68770",
        "CHRG-106hhrg57737",
        "CHRG-106hhrg65908",
        "CHRG-106hhrg65872",
        "CHRG-106hhrg58494",
        "CHRG-106hhrg72259",
        "CHRG-106hhrg67120",
        "CHRG-106shrg67601",
        "CHRG-106hhrg55702",
        "CHRG-106hhrg69952",
        "CHRG-106shrg62766",
        "CHRG-106hhrg74029",
        "CHRG-106shrg54206",
        "CHRG-106hhrg68289",
        "CHRG-106hhrg57495",
        "CHRG-106hhrg57131",
        "CHRG-106shrg67138",
        "CHRG-106hhrg58191",
        "CHRG-106shrg65701",
        "CHRG-106hhrg65930",
        "CHRG-106hhrg56994",
        "CHRG-106hhrg63185",
        "CHRG-106hhrg57800",
        "CHRG-106hhrg63673",
        "CHRG-106shrg54227",
        "CHRG-106hhrg60212",
        "CHRG-106hhrg64020",
        "CHRG-106shrg68120",
        "CHRG-106hhrg61494",
        "CHRG-106shrg63938",
        "CHRG-106hhrg65745",
        "CHRG-106hhrg61820",
        "CHRG-106shrg69748",
        "CHRG-106hhrg56602",
        "CHRG-106hhrg62976",
        "CHRG-106hhrg66613",
        "CHRG-106hhrg66787",
        "CHRG-106hhrg60362",
        "CHRG-106hhrg65738",
        "CHRG-106shrg63945",
        "CHRG-106hhrg56608",
        "CHRG-106hhrg57450",
        "CHRG-106hhrg65308",
        "CHRG-106hhrg61040",
        "CHRG-106hhrg61037",
        "CHRG-106shrg67874",
        "CHRG-106hhrg58513",
        "CHRG-106shrg67979",
        "CHRG-106shrg66231",
        "CHRG-106hhrg73168",
        "CHRG-106shrg61415",
        "CHRG-106shrg65627",
        "CHRG-106shrg67164",
        "CHRG-106hhrg66027",
        "CHRG-106hhrg64764",
        "CHRG-106hhrg62262",
        "CHRG-106shrg68769",
        "CHRG-106shrg71867",
        "CHRG-106hhrg65911",
        "CHRG-106shrg58335",
        "CHRG-106hhrg58752",
        "CHRG-106hhrg70748",
        "CHRG-106hhrg67829",
        "CHRG-106shrg54215",
        "CHRG-106shrg73475",
        "CHRG-106shrg67222",
        "CHRG-106hhrg63746",
        "CHRG-106shrg66867",
        "CHRG-106hhrg72446",
        "CHRG-106hhrg57838",
        "CHRG-106shrg62775",
        "CHRG-106shrg73032",
        "CHRG-106hhrg61435",
        "CHRG-106shrg61363",
        "CHRG-106shrg68118",
        "CHRG-106hhrg57052",
        "CHRG-106shrg62345",
        "CHRG-106hhrg60934",
        "CHRG-106hhrg64651",
        "CHRG-106hhrg63548",
        "CHRG-106hhrg70436",
        "CHRG-106shrg69953",
        "CHRG-106shrg12345",
        "CHRG-106hhrg68547",
        "CHRG-106shrg72524",
        "CHRG-106hhrg64388",
        "CHRG-106hhrg73837",
        "CHRG-106hhrg63105",
        "CHRG-106hhrg63008",
        "CHRG-106shrg58307",
        "CHRG-106hhrg55152",
        "CHRG-106hhrg58511",
        "CHRG-106hhrg56509",
        "CHRG-106shrg61417",
        "CHRG-106hhrg64766",
        "CHRG-106hhrg74374",
        "CHRG-106hhrg69622",
        "CHRG-106hhrg71623",
        "CHRG-106hhrg65913",
        "CHRG-106hhrg69521",
        "CHRG-106shrg65976",
        "CHRG-106hhrg74099",
        "CHRG-106hhrg64022",
        "CHRG-106hhrg74430",
        "CHRG-106shrg63947",
        "CHRG-106hhrg63346",
        "CHRG-106hhrg64028",
        "CHRG-106hhrg62974",
        "CHRG-106hhrg60360",
        "CHRG-106hhrg61042",
        "CHRG-106hhrg71970",
        "CHRG-106hhrg59530",
        "CHRG-106hhrg59984",
        "CHRG-106shrg68415",
        "CHRG-106shrg66577",
        "CHRG-106hhrg61209",
        "CHRG-106hhrg63967",
        "CHRG-106hhrg69717",
        "CHRG-106hhrg66877",
        "CHRG-106hhrg62686",
        "CHRG-106hhrg66899",
        "CHRG-106hhrg75013",
        "CHRG-106shrg69821",
        "CHRG-106hhrg67608",
        "CHRG-106hhrg55150",
        "CHRG-106shrg64731",
        "CHRG-106hhrg62841",
        "CHRG-106hhrg60358",
        "CHRG-106hhrg63309",
        "CHRG-106hhrg66280",
        "CHRG-106hhrg70277",
        "CHRG-106shrg62799",
        "CHRG-106shrg64206",
        "CHRG-106shrg69335",
        "CHRG-106hhrg62931",
        "CHRG-106hhrg74928",
        "CHRG-106shrg68017",
        "CHRG-106hhrg61437",
        "CHRG-106shrg61361",
        "CHRG-106hhrg65672",
        "CHRG-106shrg70244",
        "CHRG-106shrg61049",
        "CHRG-106hhrg58508",
        "CHRG-106hhrg70058",
        "CHRG-106hhrg57748",
        "CHRG-106hhrg64702",
        "CHRG-106shrg57119",
        "CHRG-106hhrg70581",
        "CHRG-106hhrg58496",
        "CHRG-106hhrg58502",
        "CHRG-106hhrg63765",
        "CHRG-106shrg56952",
        "CHRG-106hhrg72932",
        "CHRG-106hhrg57441",
        "CHRG-106shrg55879",
        "CHRG-106shrg69753",
        "CHRG-106hhrg63355",
        "CHRG-106hhrg67110",
        "CHRG-106shrg64617",
        "CHRG-106shrg68041",
        "CHRG-106hhrg74429",
        "CHRG-106hhrg67017",
        "CHRG-106hhrg55642",
        "CHRG-106hhrg62540",
        "CHRG-106hhrg62537",
        "CHRG-106hhrg64031",
        "CHRG-106shrg54236",
        "CHRG-106shrg56855",
        "CHRG-106hhrg59973",
        "CHRG-106shrg61866",
        "CHRG-106hhrg71675",
        "CHRG-106hhrg62236",
        "CHRG-106hhrg67351",
        "CHRG-106hhrg58810",
        "CHRG-106shrg59959",
        "CHRG-106hhrg71691",
        "CHRG-106hhrg55149",
        "CHRG-106hhrg66079",
        "CHRG-106hhrg60341",
        "CHRG-106shrg59677",
        "CHRG-106hhrg70219",
        "CHRG-106hhrg57590",
        "CHRG-106hhrg61119",
        "CHRG-106shrg70986",
        "CHRG-106hhrg66307",
        "CHRG-106hhrg69820",
        "CHRG-106shrg64758",
        "CHRG-106hhrg74831",
        "CHRG-106hhrg67152",
        "CHRG-106shrg65147",
        "CHRG-106hhrg60798",
        "CHRG-106hhrg68286",
        "CHRG-106shrg62763",
        "CHRG-106shrg54209",
        "CHRG-106hhrg58309",
        "CHRG-106shrg61732",
        "CHRG-106shrg62769",
        "CHRG-106shrg54203",
        "CHRG-106hhrg66730",
        "CHRG-106shrg63275",
        "CHRG-106hhrg63803",
        "CHRG-106hhrg60491",
        "CHRG-106hhrg57607",
        "CHRG-106hhrg65518",
        "CHRG-106shrg64521",
        "CHRG-106hhrg72581",
        "CHRG-106hhrg57446",
        "CHRG-106hhrg66338",
        "CHRG-106shrg68476",
        "CHRG-106hhrg59990",
        "CHRG-106hhrg67117",
        "CHRG-106shrg59738",
        "CHRG-106hhrg55638",
        "CHRG-106hhrg70782",
        "CHRG-106hhrg67313",
        "CHRG-106shrg67868",
        "CHRG-106hhrg63121",
        "CHRG-106hhrg65907",
        "CHRG-106hhrg57738",
        "CHRG-106hhrg64772",
        "CHRG-106shrg62802",
        "CHRG-106hhrg62209",
        "CHRG-106shrg62808",
        "CHRG-106hhrg62373",
        "CHRG-106hhrg71730",
        "CHRG-106hhrg73004",
        "CHRG-106shrg66250",
        "CHRG-106hhrg58505",
        "CHRG-106shrg67981",
        "CHRG-106hhrg61686",
        "CHRG-106shrg63522",
        "CHRG-106hhrg67826",
        "CHRG-106hhrg60355",
        "CHRG-106hhrg74496",
        "CHRG-106shrg61422",
        "CHRG-106hhrg61297",
        "CHRG-106shrg62509",
        "CHRG-106shrg67480",
        "CHRG-106hhrg73838",
        "CHRG-106shrg66392",
        "CHRG-106hhrg70887",
        "CHRG-106hhrg75014",
        "CHRG-106hhrg74706",
        "CHRG-106shrg55231",
        "CHRG-106hhrg66900",
        "CHRG-106hhrg70439",
        "CHRG-106hhrg61204",
        "CHRG-106hhrg61038",
        "CHRG-106hhrg65307",
        "CHRG-106hhrg59989",
        "CHRG-106shrg66499",
        "CHRG-106hhrg55211",
        "CHRG-106hhrg56607",
        "CHRG-106hhrg66788",
        "CHRG-106hhrg66711",
        "CHRG-106hhrg64025",
        "CHRG-106shrg69747",
        "CHRG-106shrg63940",
        "CHRG-106hhrg62973",
        "CHRG-106shrg58824",
        "CHRG-106hhrg66251",
        "CHRG-106hhrg68344",
        "CHRG-106hhrg57558",
        "CHRG-106shrg60098",
        "CHRG-106hhrg67637",
        "CHRG-106shrg63324",
        "CHRG-106hhrg64761",
        "CHRG-106hhrg73167",
        "CHRG-106hhrg71624",
        "CHRG-106hhrg63822",
        "CHRG-106shrg67066",
        "CHRG-106hhrg66465",
        "CHRG-106hhrg68507",
        "CHRG-106hhrg65914",
        "CHRG-106shrg66959",
        "CHRG-106hhrg61036",
        "CHRG-106hhrg61041",
        "CHRG-106hhrg62900",
        "CHRG-106hhrg62977",
        "CHRG-106hhrg60363",
        "CHRG-106shrg63944",
        "CHRG-106shrg63464",
        "CHRG-106hhrg56609",
        "CHRG-106shrg68121",
        "CHRG-106hhrg64021",
        "CHRG-106shrg63939",
        "CHRG-106hhrg61821",
        "CHRG-106hhrg63672",
        "CHRG-106hhrg65910",
        "CHRG-106hhrg69621",
        "CHRG-106hhrg61232",
        "CHRG-106hhrg64765",
        "CHRG-106hhrg60800",
        "CHRG-106hhrg67633",
        "CHRG-106hhrg63595",
        "CHRG-106hhrg58512",
        "CHRG-106shrg71693",
        "CHRG-106shrg61362",
        "CHRG-106shrg68119",
        "CHRG-106hhrg72077",
        "CHRG-106hhrg62932",
        "CHRG-106shrg62344",
        "CHRG-106hhrg58213",
        "CHRG-106hhrg72447",
        "CHRG-106hhrg57519",
        "CHRG-106hhrg67828",
        "CHRG-106shrg66882",
        "CHRG-106shrg65020",
        "CHRG-106hhrg64064",
        "CHRG-106hhrg55153",
        "CHRG-106hhrg74332",
        "CHRG-106hhrg63439",
        "CHRG-106shrg60674",
        "CHRG-106hhrg70547",
        "CHRG-106hhrg73836",
        "CHRG-106hhrg61630",
        "CHRG-106shrg58306",
        "CHRG-106hhrg70437",
        "CHRG-106shrg64861",
        "CHRG-106hhrg66523",
        "CHRG-106shrg65329",
        "CHRG-106hhrg60935",
        "CHRG-106hhrg64650",
        "CHRG-106shrg60334",
        "CHRG-106hhrg63549",
        "CHRG-106hhrg59450",
        "CHRG-106hhrg57448",
        "CHRG-106shrg56856",
        "CHRG-106hhrg71984",
        "CHRG-106hhrg55641",
        "CHRG-106hhrg55636",
        "CHRG-106hhrg64032",
        "CHRG-106hhrg56610",
        "CHRG-106hhrg71177",
        "CHRG-106hhrg67119",
        "CHRG-106hhrg67113",
        "CHRG-106shrg69750",
        "CHRG-106hhrg59994",
        "CHRG-106hhrg64491",
        "CHRG-106shrg66484",
        "CHRG-106hhrg57442",
        "CHRG-106hhrg67523",
        "CHRG-106shrg56951",
        "CHRG-106hhrg67997",
        "CHRG-106hhrg65909",
        "CHRG-106hhrg58495",
        "CHRG-106hhrg58501",
        "CHRG-106shrg67811",
        "CHRG-106hhrg65804",
        "CHRG-106hhrg66496",
        "CHRG-106shrg58610",
        "CHRG-106shrg68771",
        "CHRG-106hhrg59654",
        "CHRG-106hhrg74263",
        "CHRG-106hhrg64776",
        "CHRG-106hhrg65903",
        "CHRG-106hhrg55438",
        "CHRG-106hhrg68484",
        "CHRG-106shrg67707",
        "CHRG-106hhrg64099",
        "CHRG-106shrg68199",
        "CHRG-106shrg69358",
        "CHRG-106shrg66528",
        "CHRG-106hhrg57470",
        "CHRG-106hhrg74152",
        "CHRG-106hhrg67121",
        "CHRG-106shrg63965",
        "CHRG-106hhrg74562",
        "CHRG-106hhrg71692",
        "CHRG-106shrg57581",
        "CHRG-106shrg67479",
        "CHRG-106hhrg64649",
        "CHRG-106shrg62480",
        "CHRG-106hhrg62235",
        "CHRG-106hhrg60956",
        "CHRG-106hhrg64749",
        "CHRG-106hhrg73042",
        "CHRG-106shrg61868",
        "CHRG-106hhrg62608",
        "CHRG-106hhrg57333",
        "CHRG-106hhrg65846",
        "CHRG-106shrg69488",
        "CHRG-106shrg67573",
        "CHRG-106shrg69466",
        "CHRG-106shrg67504",
        "CHRG-106shrg62154",
        "CHRG-106shrg66721",
        "CHRG-106shrg61438",
        "CHRG-106hhrg61550",
        "CHRG-106shrg63986",
        "CHRG-106hhrg65618",
        "CHRG-106hhrg60678",
        "CHRG-106hhrg67151",
        "CHRG-106shrg68000",
        "CHRG-106hhrg74832",
        "CHRG-106hhrg65803",
        "CHRG-106hhrg58506",
        "CHRG-106shrg61047",
        "CHRG-106shrg66329",
        "CHRG-106shrg55219",
        "CHRG-106shrg59862",
        "CHRG-106hhrg70056",
        "CHRG-106shrg68776",
        "CHRG-106shrg66614",
        "CHRG-106hhrg64771",
        "CHRG-106shrg57117",
        "CHRG-106hhrg58498",
        "CHRG-106hhrg65904",
        "CHRG-106hhrg57438",
        "CHRG-106hhrg71983",
        "CHRG-106hhrg62969",
        "CHRG-106hhrg67019",
        "CHRG-106hhrg67114",
        "CHRG-106hhrg57445",
        "CHRG-106hhrg72582",
        "CHRG-106shrg68402",
        "CHRG-106hhrg59993",
        "CHRG-106shrg70954",
        "CHRG-106shrg55970",
        "CHRG-106hhrg67524",
        "CHRG-106hhrg55154",
        "CHRG-106shrg61871",
        "CHRG-106hhrg74705",
        "CHRG-106hhrg75060",
        "CHRG-106hhrg63103",
        "CHRG-106shrg56319",
        "CHRG-106shrg57921",
        "CHRG-106shrg64985",
        "CHRG-106shrg67840",
        "CHRG-106shrg63628",
        "CHRG-106shrg62593",
        "CHRG-106hhrg57684",
        "CHRG-106hhrg72734",
        "CHRG-106shrg61421",
        "CHRG-106hhrg60356",
        "CHRG-106hhrg62415",
        "CHRG-106hhrg74495",
        "CHRG-106hhrg70279",
        "CHRG-106hhrg62468",
        "CHRG-106hhrg74926",
        "CHRG-106shrg64742",
        "CHRG-106hhrg73979",
        "CHRG-106hhrg66466",
        "CHRG-106hhrg63821",
        "CHRG-106shrg61419",
        "CHRG-106hhrg63501",
        "CHRG-106hhrg73069",
        "CHRG-106hhrg64762",
        "CHRG-106shrg61413",
        "CHRG-106hhrg64768",
        "CHRG-106hhrg71389",
        "CHRG-106hhrg69975",
        "CHRG-106hhrg74864",
        "CHRG-106hhrg62970",
        "CHRG-106hhrg63238",
        "CHRG-106shrg63943",
        "CHRG-106hhrg66712",
        "CHRG-106hhrg64026",
        "CHRG-106hhrg56604",
        "CHRG-106shrg54221"
    ],
    "107": [
        "CHRG-107shrg82602",
        "CHRG-107shrg70712",
        "CHRG-107shrg76380",
        "CHRG-107shrg77851",
        "CHRG-107shrg75348",
        "CHRG-107shrg85416",
        "CHRG-107shrg80498",
        "CHRG-107shrg71540",
        "CHRG-107shrg71537",
        "CHRG-107hhrg77710",
        "CHRG-107hhrg80684",
        "CHRG-107hhrg87573",
        "CHRG-107hhrg75327",
        "CHRG-107hhrg77569",
        "CHRG-107hhrg72823",
        "CHRG-107shrg77708",
        "CHRG-107hhrg87700",
        "CHRG-107shrg72228",
        "CHRG-107hhrg80843",
        "CHRG-107shrg78178",
        "CHRG-107hhrg72829",
        "CHRG-107hhrg80480",
        "CHRG-107shrg83759",
        "CHRG-107shrg73070",
        "CHRG-107shrg71744",
        "CHRG-107hhrg73726",
        "CHRG-107hhrg82667",
        "CHRG-107shrg80791",
        "CHRG-107hhrg73940",
        "CHRG-107hhrg81493",
        "CHRG-107hhrg89163",
        "CHRG-107shrg82394",
        "CHRG-107shrg77980",
        "CHRG-107hhrg76507",
        "CHRG-107shrg73676",
        "CHRG-107hhrg79637",
        "CHRG-107hhrg81594",
        "CHRG-107hhrg81957",
        "CHRG-107hhrg82451",
        "CHRG-107shrg80294",
        "CHRG-107shrg70873",
        "CHRG-107hhrg71483",
        "CHRG-107shrg75190",
        "CHRG-107hhrg77088",
        "CHRG-107shrg84575",
        "CHRG-107hhrg76249",
        "CHRG-107shrg83682",
        "CHRG-107shrg78477",
        "CHRG-107hhrg77992",
        "CHRG-107hhrg79433",
        "CHRG-107hhrg71489",
        "CHRG-107hhrg75758",
        "CHRG-107shrg73405",
        "CHRG-107hhrg77116",
        "CHRG-107hhrg80679",
        "CHRG-107shrg75351",
        "CHRG-107hhrg75593",
        "CHRG-107shrg72478",
        "CHRG-107shrg80848",
        "CHRG-107shrg82326",
        "CHRG-107hhrg77709",
        "CHRG-107hhrg80673",
        "CHRG-107shrg82688",
        "CHRG-107hhrg79465",
        "CHRG-107hhrg73735",
        "CHRG-107shrg73119",
        "CHRG-107hhrg80137",
        "CHRG-107shrg83200",
        "CHRG-107shrg81863",
        "CHRG-107hhrg86195",
        "CHRG-107shrg77685",
        "CHRG-107shrg75052",
        "CHRG-107hhrg72830",
        "CHRG-107shrg82415",
        "CHRG-107hhrg77920",
        "CHRG-107hhrg79481",
        "CHRG-107shrg75462",
        "CHRG-107hhrg85484",
        "CHRG-107shrg83471",
        "CHRG-107shrg82280",
        "CHRG-107shrg78250",
        "CHRG-107hhrg78506",
        "CHRG-107shrg82753",
        "CHRG-107hhrg82175",
        "CHRG-107hhrg88328",
        "CHRG-107hhrg85726",
        "CHRG-107shrg78159",
        "CHRG-107shrg75167",
        "CHRG-107hhrg76250",
        "CHRG-107hhrg80008",
        "CHRG-107hhrg74844",
        "CHRG-107hhrg77918",
        "CHRG-107hhrg87388",
        "CHRG-107shrg78480",
        "CHRG-107hhrg84230",
        "CHRG-107shrg81046",
        "CHRG-107hhrg84699",
        "CHRG-107shrg80364",
        "CHRG-107hhrg82306",
        "CHRG-107hhrg84600",
        "CHRG-107hhrg71490",
        "CHRG-107shrg83342",
        "CHRG-107shrg79636",
        "CHRG-107hhrg71504",
        "CHRG-107shrg81856",
        "CHRG-107hhrg83514",
        "CHRG-107shrg79736",
        "CHRG-107hhrg80175",
        "CHRG-107hhrg84330",
        "CHRG-107hhrg77986",
        "CHRG-107shrg83605",
        "CHRG-107shrg83791",
        "CHRG-107hhrg74849",
        "CHRG-107hhrg87385",
        "CHRG-107hhrg77881",
        "CHRG-107shrg80363",
        "CHRG-107shrg70867",
        "CHRG-107hhrg77191",
        "CHRG-107hhrg71503",
        "CHRG-107hhrg81350",
        "CHRG-107shrg75010",
        "CHRG-107hhrg71497",
        "CHRG-107shrg81926",
        "CHRG-107shrg83476",
        "CHRG-107shrg78784",
        "CHRG-107hhrg82548",
        "CHRG-107hhrg70996",
        "CHRG-107hhrg87891",
        "CHRG-107hhrg82172",
        "CHRG-107hhrg88612",
        "CHRG-107hhrg77820",
        "CHRG-107hhrg73732",
        "CHRG-107hhrg79462",
        "CHRG-107shrg78906",
        "CHRG-107shrg84559",
        "CHRG-107hhrg86436",
        "CHRG-107shrg76969",
        "CHRG-107shrg76174",
        "CHRG-107shrg81443",
        "CHRG-107hhrg83976",
        "CHRG-107shrg81880",
        "CHRG-107shrg78085",
        "CHRG-107hhrg85483",
        "CHRG-107shrg77326",
        "CHRG-107hhrg79468",
        "CHRG-107hhrg85840",
        "CHRG-107hhrg73738",
        "CHRG-107shrg82711",
        "CHRG-107shrg85408",
        "CHRG-107shrg80581",
        "CHRG-107hhrg81892",
        "CHRG-107shrg80845",
        "CHRG-107shrg82251",
        "CHRG-107hhrg81521",
        "CHRG-107shrg73367",
        "CHRG-107shrg70706",
        "CHRG-107hhrg80674",
        "CHRG-107shrg77468",
        "CHRG-107hhrg75850",
        "CHRG-107shrg82913",
        "CHRG-107shrg80293",
        "CHRG-107shrg74685",
        "CHRG-107hhrg71484",
        "CHRG-107shrg78599",
        "CHRG-107hhrg74850",
        "CHRG-107shrg78950",
        "CHRG-107shrg85284",
        "CHRG-107shrg83251",
        "CHRG-107hhrg89164",
        "CHRG-107hhrg81494",
        "CHRG-107shrg72559",
        "CHRG-107shrg79995",
        "CHRG-107shrg77963",
        "CHRG-107shrg81761",
        "CHRG-107shrg74568",
        "CHRG-107hhrg74333",
        "CHRG-107shrg74465",
        "CHRG-107hhrg81593",
        "CHRG-107shrg80443",
        "CHRG-107shrg75476",
        "CHRG-107hhrg77580",
        "CHRG-107shrg76970",
        "CHRG-107shrg78448",
        "CHRG-107shrg78812",
        "CHRG-107hhrg76306",
        "CHRG-107shrg81450",
        "CHRG-107shrg79610",
        "CHRG-107hhrg72824",
        "CHRG-107hhrg82357",
        "CHRG-107shrg80335",
        "CHRG-107hhrg88193",
        "CHRG-107shrg77602",
        "CHRG-107hhrg86062",
        "CHRG-107hhrg83172",
        "CHRG-107shrg78818",
        "CHRG-107shrg70715",
        "CHRG-107hhrg78427",
        "CHRG-107shrg81759",
        "CHRG-107shrg82338",
        "CHRG-107hhrg87139",
        "CHRG-107hhrg81865",
        "CHRG-107hhrg81962",
        "CHRG-107shrg83977",
        "CHRG-107shrg73204",
        "CHRG-107hhrg80683",
        "CHRG-107shrg78201",
        "CHRG-107shrg77406",
        "CHRG-107shrg81753",
        "CHRG-107hhrg76308",
        "CHRG-107shrg78446",
        "CHRG-107shrg78431",
        "CHRG-107shrg79323",
        "CHRG-107shrg81080",
        "CHRG-107shrg75132",
        "CHRG-107hhrg77354",
        "CHRG-107hhrg80669",
        "CHRG-107hhrg87140",
        "CHRG-107hhrg82583",
        "CHRG-107hhrg80354",
        "CHRG-107hhrg76195",
        "CHRG-107hhrg85609",
        "CHRG-107shrg88116",
        "CHRG-107hhrg77329",
        "CHRG-107hhrg87477",
        "CHRG-107shrg78296",
        "CHRG-107hhrg77991",
        "CHRG-107shrg81151",
        "CHRG-107hhrg86569",
        "CHRG-107shrg78597",
        "CHRG-107shrg78474",
        "CHRG-107shrg83681",
        "CHRG-107shrg84856",
        "CHRG-107shrg73598",
        "CHRG-107shrg80303",
        "CHRG-107hhrg78662",
        "CHRG-107shrg70870",
        "CHRG-107shrg82883",
        "CHRG-107shrg82917",
        "CHRG-107hhrg82452",
        "CHRG-107hhrg70918",
        "CHRG-107hhrg81954",
        "CHRG-107shrg73348",
        "CHRG-107hhrg76597",
        "CHRG-107shrg81668",
        "CHRG-107shrg70754",
        "CHRG-107shrg86401",
        "CHRG-107shrg80170",
        "CHRG-107hhrg74230",
        "CHRG-107shrg77983",
        "CHRG-107shrg79558",
        "CHRG-107hhrg87868",
        "CHRG-107shrg76718",
        "CHRG-107hhrg81929",
        "CHRG-107hhrg81490",
        "CHRG-107hhrg70617",
        "CHRG-107hhrg76311",
        "CHRG-107shrg76447",
        "CHRG-107hhrg77579",
        "CHRG-107shrg75461",
        "CHRG-107hhrg77859",
        "CHRG-107hhrg72833",
        "CHRG-107shrg81910",
        "CHRG-107hhrg85123",
        "CHRG-107hhrg86196",
        "CHRG-107hhrg73736",
        "CHRG-107hhrg85839",
        "CHRG-107shrg81170",
        "CHRG-107hhrg79466",
        "CHRG-107hhrg77409",
        "CHRG-107shrg85406",
        "CHRG-107shrg79923",
        "CHRG-107hhrg80670",
        "CHRG-107shrg80841",
        "CHRG-107hhrg79781",
        "CHRG-107hhrg85610",
        "CHRG-107hhrg82953",
        "CHRG-107hhrg87419",
        "CHRG-107shrg75352",
        "CHRG-107shrg81922",
        "CHRG-107shrg81578",
        "CHRG-107hhrg71493",
        "CHRG-107hhrg84603",
        "CHRG-107shrg81045",
        "CHRG-107shrg77367",
        "CHRG-107hhrg77988",
        "CHRG-107hhrg86827",
        "CHRG-107hhrg86570",
        "CHRG-107shrg78483",
        "CHRG-107hhrg81780",
        "CHRG-107hhrg79974",
        "CHRG-107shrg84462",
        "CHRG-107hhrg82632",
        "CHRG-107shrg84415",
        "CHRG-107shrg78489",
        "CHRG-107hhrg74847",
        "CHRG-107shrg81928",
        "CHRG-107hhrg71499",
        "CHRG-107hhrg70998",
        "CHRG-107shrg80873",
        "CHRG-107hhrg85725",
        "CHRG-107shrg83478",
        "CHRG-107shrg74575",
        "CHRG-107hhrg86344",
        "CHRG-107hhrg79367",
        "CHRG-107shrg80169",
        "CHRG-107hhrg84599",
        "CHRG-107hhrg78505",
        "CHRG-107shrg82750",
        "CHRG-107shrg79816",
        "CHRG-107shrg81798",
        "CHRG-107hhrg89074",
        "CHRG-107hhrg86609",
        "CHRG-107shrg80874",
        "CHRG-107hhrg88611",
        "CHRG-107hhrg87016",
        "CHRG-107hhrg85722",
        "CHRG-107shrg81231",
        "CHRG-107hhrg78508",
        "CHRG-107shrg74505",
        "CHRG-107hhrg82171",
        "CHRG-107shrg74491",
        "CHRG-107hhrg86343",
        "CHRG-107hhrg89864",
        "CHRG-107shrg79961",
        "CHRG-107shrg81676",
        "CHRG-107hhrg88326",
        "CHRG-107shrg80119",
        "CHRG-107hhrg72381",
        "CHRG-107shrg78787",
        "CHRG-107shrg80529",
        "CHRG-107hhrg77192",
        "CHRG-107hhrg71500",
        "CHRG-107hhrg71494",
        "CHRG-107shrg81925",
        "CHRG-107hhrg84604",
        "CHRG-107hhrg80882",
        "CHRG-107shrg70864",
        "CHRG-107hhrg87386",
        "CHRG-107shrg81138",
        "CHRG-107hhrg79803",
        "CHRG-107shrg73028",
        "CHRG-107hhrg80006",
        "CHRG-107hhrg79973",
        "CHRG-107hhrg77985",
        "CHRG-107shrg83606",
        "CHRG-107shrg81132",
        "CHRG-107shrg73055",
        "CHRG-107hhrg84333",
        "CHRG-107shrg82114",
        "CHRG-107shrg81855",
        "CHRG-107shrg75114",
        "CHRG-107shrg77846",
        "CHRG-107shrg84364",
        "CHRG-107hhrg80677",
        "CHRG-107shrg69892",
        "CHRG-107hhrg81522",
        "CHRG-107shrg80846",
        "CHRG-107shrg80485",
        "CHRG-107hhrg81425",
        "CHRG-107shrg81373",
        "CHRG-107shrg80461",
        "CHRG-107shrg72851",
        "CHRG-107hhrg82954",
        "CHRG-107shrg79479",
        "CHRG-107hhrg84815",
        "CHRG-107shrg75946",
        "CHRG-107shrg85338",
        "CHRG-107shrg82488",
        "CHRG-107hhrg72834",
        "CHRG-107hhrg85124",
        "CHRG-107shrg85708",
        "CHRG-107shrg77768",
        "CHRG-107shrg78905",
        "CHRG-107hhrg86962",
        "CHRG-107hhrg86435",
        "CHRG-107hhrg79461",
        "CHRG-107hhrg73731",
        "CHRG-107hhrg77497",
        "CHRG-107hhrg86610",
        "CHRG-107hhrg73939",
        "CHRG-107hhrg84514",
        "CHRG-107shrg81762",
        "CHRG-107shrg70753",
        "CHRG-107shrg76255",
        "CHRG-107shrg78707",
        "CHRG-107shrg80530",
        "CHRG-107hhrg78051",
        "CHRG-107shrg80867",
        "CHRG-107hhrg81959",
        "CHRG-107hhrg81854",
        "CHRG-107shrg83252",
        "CHRG-107shrg81588",
        "CHRG-107shrg84595",
        "CHRG-107shrg76511",
        "CHRG-107hhrg74853",
        "CHRG-107hhrg79867",
        "CHRG-107shrg81051",
        "CHRG-107shrg80743",
        "CHRG-107shrg82000",
        "CHRG-107hhrg77118",
        "CHRG-107hhrg75756",
        "CHRG-107hhrg71487",
        "CHRG-107shrg74686",
        "CHRG-107shrg74765",
        "CHRG-107hhrg77229",
        "CHRG-107shrg77952",
        "CHRG-107hhrg77353",
        "CHRG-107shrg75346",
        "CHRG-107shrg83064",
        "CHRG-107shrg72125",
        "CHRG-107hhrg80680",
        "CHRG-107hhrg81961",
        "CHRG-107shrg80405",
        "CHRG-107shrg81384",
        "CHRG-107shrg71539",
        "CHRG-107hhrg81866",
        "CHRG-107shrg77048",
        "CHRG-107shrg80478",
        "CHRG-107shrg79940",
        "CHRG-107shrg80132",
        "CHRG-107shrg78372",
        "CHRG-107shrg78208",
        "CHRG-107hhrg86451",
        "CHRG-107hhrg75253",
        "CHRG-107shrg79324",
        "CHRG-107hhrg83171",
        "CHRG-107hhrg86061",
        "CHRG-107shrg79714",
        "CHRG-107shrg77601",
        "CHRG-107shrg75038",
        "CHRG-107hhrg80940",
        "CHRG-107hhrg72827",
        "CHRG-107shrg72226",
        "CHRG-107shrg82475",
        "CHRG-107shrg77706",
        "CHRG-107shrg77771",
        "CHRG-107shrg83310",
        "CHRG-107shrg74367",
        "CHRG-107hhrg76305",
        "CHRG-107hhrg74431",
        "CHRG-107hhrg73728",
        "CHRG-107shrg81063",
        "CHRG-107shrg82918",
        "CHRG-107shrg78036",
        "CHRG-107shrg81564",
        "CHRG-107shrg79753",
        "CHRG-107shrg81833",
        "CHRG-107shrg84597",
        "CHRG-107shrg78471",
        "CHRG-107shrg78951",
        "CHRG-107hhrg74851",
        "CHRG-107shrg84923",
        "CHRG-107hhrg77994",
        "CHRG-107shrg78598",
        "CHRG-107hhrg70749",
        "CHRG-107shrg78495",
        "CHRG-107shrg82912",
        "CHRG-107hhrg75754",
        "CHRG-107hhrg71485",
        "CHRG-107hhrg81342",
        "CHRG-107shrg75731",
        "CHRG-107shrg83464",
        "CHRG-107hhrg81592",
        "CHRG-107shrg80915",
        "CHRG-107shrg81760",
        "CHRG-107shrg79899",
        "CHRG-107shrg96166",
        "CHRG-107hhrg77387",
        "CHRG-107shrg78342",
        "CHRG-107hhrg76856",
        "CHRG-107hhrg81495",
        "CHRG-107shrg77096",
        "CHRG-107hhrg89165",
        "CHRG-107shrg82206",
        "CHRG-107shrg72558",
        "CHRG-107hhrg70917",
        "CHRG-107hhrg79470",
        "CHRG-107hhrg83173",
        "CHRG-107hhrg86063",
        "CHRG-107shrg76085",
        "CHRG-107hhrg72825",
        "CHRG-107hhrg82356",
        "CHRG-107hhrg79494",
        "CHRG-107shrg81061",
        "CHRG-107hhrg76307",
        "CHRG-107shrg74895",
        "CHRG-107hhrg80682",
        "CHRG-107shrg78277",
        "CHRG-107hhrg87478",
        "CHRG-107hhrg81963",
        "CHRG-107shrg84745",
        "CHRG-107shrg75604",
        "CHRG-107hhrg75152",
        "CHRG-107hhrg81864",
        "CHRG-107hhrg87138",
        "CHRG-107shrg82709",
        "CHRG-107shrg81758",
        "CHRG-107hhrg75418",
        "CHRG-107hhrg84606",
        "CHRG-107hhrg76761",
        "CHRG-107hhrg71502",
        "CHRG-107hhrg71496",
        "CHRG-107shrg75011",
        "CHRG-107shrg81950",
        "CHRG-107shrg81927",
        "CHRG-107shrg76593",
        "CHRG-107shrg78486",
        "CHRG-107hhrg74848",
        "CHRG-107shrg84837",
        "CHRG-107shrg78468",
        "CHRG-107hhrg77819",
        "CHRG-107hhrg87384",
        "CHRG-107shrg77281",
        "CHRG-107hhrg84331",
        "CHRG-107shrg78462",
        "CHRG-107hhrg77987",
        "CHRG-107shrg80212",
        "CHRG-107hhrg84701",
        "CHRG-107hhrg83515",
        "CHRG-107shrg75728",
        "CHRG-107hhrg79628",
        "CHRG-107hhrg82439",
        "CHRG-107shrg78761",
        "CHRG-107hhrg87890",
        "CHRG-107hhrg82173",
        "CHRG-107hhrg89916",
        "CHRG-107shrg83477",
        "CHRG-107shrg85092",
        "CHRG-107shrg78785",
        "CHRG-107hhrg70997",
        "CHRG-107hhrg85482",
        "CHRG-107hhrg73739",
        "CHRG-107hhrg79469",
        "CHRG-107shrg76818",
        "CHRG-107hhrg72126",
        "CHRG-107shrg71288",
        "CHRG-107hhrg72836",
        "CHRG-107shrg77784",
        "CHRG-107shrg82939",
        "CHRG-107shrg76175",
        "CHRG-107hhrg77576",
        "CHRG-107hhrg79463",
        "CHRG-107hhrg73733",
        "CHRG-107hhrg70618",
        "CHRG-107shrg76968",
        "CHRG-107hhrg86437",
        "CHRG-107shrg84285",
        "CHRG-107hhrg84447",
        "CHRG-107hhrg80675",
        "CHRG-107shrg77844",
        "CHRG-107hhrg87416",
        "CHRG-107hhrg72258",
        "CHRG-107shrg80844",
        "CHRG-107shrg86181",
        "CHRG-107shrg80580",
        "CHRG-107shrg82710",
        "CHRG-107hhrg75956",
        "CHRG-107hhrg80672",
        "CHRG-107shrg81636",
        "CHRG-107shrg83078",
        "CHRG-107shrg86065",
        "CHRG-107shrg74175",
        "CHRG-107shrg81271",
        "CHRG-107shrg82327",
        "CHRG-107shrg72959",
        "CHRG-107hhrg76184",
        "CHRG-107hhrg75041",
        "CHRG-107hhrg80678",
        "CHRG-107hhrg77248",
        "CHRG-107hhrg75592",
        "CHRG-107shrg83005",
        "CHRG-107shrg75350",
        "CHRG-107shrg75463",
        "CHRG-107shrg78870",
        "CHRG-107hhrg72831",
        "CHRG-107shrg72247",
        "CHRG-107shrg78160",
        "CHRG-107shrg85707",
        "CHRG-107shrg80227",
        "CHRG-107shrg82564",
        "CHRG-107hhrg73734",
        "CHRG-107hhrg81653",
        "CHRG-107hhrg79464",
        "CHRG-107shrg76918",
        "CHRG-107hhrg85727",
        "CHRG-107shrg81339",
        "CHRG-107shrg80082",
        "CHRG-107hhrg76938",
        "CHRG-107hhrg82174",
        "CHRG-107hhrg88329",
        "CHRG-107shrg81697",
        "CHRG-107shrg78251",
        "CHRG-107shrg83470",
        "CHRG-107shrg82362",
        "CHRG-107shrg80421",
        "CHRG-107hhrg84698",
        "CHRG-107shrg70861",
        "CHRG-107hhrg82307",
        "CHRG-107hhrg84601",
        "CHRG-107shrg80286",
        "CHRG-107hhrg71491",
        "CHRG-107hhrg71505",
        "CHRG-107hhrg86825",
        "CHRG-107hhrg84231",
        "CHRG-107shrg81047",
        "CHRG-107shrg78465",
        "CHRG-107hhrg74845",
        "CHRG-107hhrg81782",
        "CHRG-107hhrg77919",
        "CHRG-107shrg72291",
        "CHRG-107shrg80047",
        "CHRG-107hhrg80356",
        "CHRG-107shrg71536",
        "CHRG-107shrg77047",
        "CHRG-107shrg71541",
        "CHRG-107hhrg81549",
        "CHRG-107hhrg81964",
        "CHRG-107hhrg76090",
        "CHRG-107hhrg82565",
        "CHRG-107shrg75349",
        "CHRG-107shrg77850",
        "CHRG-107shrg81625",
        "CHRG-107shrg83166",
        "CHRG-107hhrg73727",
        "CHRG-107shrg73071",
        "CHRG-107hhrg82666",
        "CHRG-107hhrg80152",
        "CHRG-107shrg78869",
        "CHRG-107hhrg80842",
        "CHRG-107hhrg74174",
        "CHRG-107hhrg80481",
        "CHRG-107hhrg86064",
        "CHRG-107hhrg77055",
        "CHRG-107shrg75040",
        "CHRG-107shrg76011",
        "CHRG-107shrg82470",
        "CHRG-107hhrg82351",
        "CHRG-107shrg80344",
        "CHRG-107shrg82407",
        "CHRG-107shrg83725",
        "CHRG-107hhrg75326",
        "CHRG-107hhrg88885",
        "CHRG-107hhrg81595",
        "CHRG-107shrg83463",
        "CHRG-107hhrg81956",
        "CHRG-107hhrg75970",
        "CHRG-107hhrg84511",
        "CHRG-107hhrg75899",
        "CHRG-107shrg70756",
        "CHRG-107hhrg70194",
        "CHRG-107shrg73340",
        "CHRG-107hhrg81492",
        "CHRG-107shrg74059",
        "CHRG-107shrg78031",
        "CHRG-107shrg82968",
        "CHRG-107shrg80206",
        "CHRG-107hhrg75759",
        "CHRG-107hhrg71488",
        "CHRG-107shrg81834",
        "CHRG-107shrg79754",
        "CHRG-107shrg81563",
        "CHRG-107hhrg77117",
        "CHRG-107shrg82102",
        "CHRG-107shrg72751",
        "CHRG-107hhrg77993",
        "CHRG-107hhrg77527",
        "CHRG-107shrg75532",
        "CHRG-107hhrg79868",
        "CHRG-107shrg78492",
        "CHRG-107hhrg87390",
        "CHRG-107hhrg81696",
        "CHRG-107hhrg78660",
        "CHRG-107shrg81569",
        "CHRG-107hhrg78050",
        "CHRG-107hhrg81958",
        "CHRG-107hhrg81496",
        "CHRG-107shrg74483",
        "CHRG-107hhrg76478",
        "CHRG-107shrg73697",
        "CHRG-107hhrg78830",
        "CHRG-107hhrg86611",
        "CHRG-107shrg73339",
        "CHRG-107hhrg81591",
        "CHRG-107hhrg77119",
        "CHRG-107shrg79620",
        "CHRG-107hhrg71486",
        "CHRG-107hhrg75757",
        "CHRG-107shrg82885",
        "CHRG-107hhrg79866",
        "CHRG-107hhrg76341",
        "CHRG-107hhrg87293",
        "CHRG-107hhrg74852",
        "CHRG-107shrg80748",
        "CHRG-107hhrg78229",
        "CHRG-107shrg78925",
        "CHRG-107shrg79941",
        "CHRG-107shrg78209",
        "CHRG-107shrg81288",
        "CHRG-107shrg71538",
        "CHRG-107shrg80497",
        "CHRG-107shrg80479",
        "CHRG-107hhrg81960",
        "CHRG-107shrg81361",
        "CHRG-107shrg77953",
        "CHRG-107hhrg77352",
        "CHRG-107shrg75347",
        "CHRG-107hhrg80681",
        "CHRG-107shrg78867",
        "CHRG-107hhrg82668",
        "CHRG-107hhrg76304",
        "CHRG-107shrg74366",
        "CHRG-107hhrg73729",
        "CHRG-107hhrg72826",
        "CHRG-107shrg72227",
        "CHRG-107hhrg82355",
        "CHRG-107shrg81528",
        "CHRG-107shrg77770",
        "CHRG-107shrg75039",
        "CHRG-107shrg73965",
        "CHRG-107shrg79325",
        "CHRG-107hhrg79590",
        "CHRG-107shrg85320",
        "CHRG-107hhrg80373",
        "CHRG-107shrg78786",
        "CHRG-107shrg77181",
        "CHRG-107shrg77015",
        "CHRG-107hhrg78503",
        "CHRG-107shrg80015",
        "CHRG-107hhrg88327",
        "CHRG-107shrg77528",
        "CHRG-107hhrg78829",
        "CHRG-107shrg74504",
        "CHRG-107hhrg86342",
        "CHRG-107shrg80875",
        "CHRG-107shrg72886",
        "CHRG-107shrg78618",
        "CHRG-107hhrg88610",
        "CHRG-107hhrg85723",
        "CHRG-107hhrg87017",
        "CHRG-107shrg75651",
        "CHRG-107shrg81230",
        "CHRG-107hhrg83516",
        "CHRG-107hhrg80810",
        "CHRG-107hhrg77984",
        "CHRG-107shrg82115",
        "CHRG-107hhrg87387",
        "CHRG-107shrg81139",
        "CHRG-107hhrg80007",
        "CHRG-107shrg76590",
        "CHRG-107hhrg78230",
        "CHRG-107hhrg71501",
        "CHRG-107hhrg71495",
        "CHRG-107shrg77751",
        "CHRG-107hhrg81325",
        "CHRG-107shrg81924",
        "CHRG-107hhrg84605",
        "CHRG-107shrg74777",
        "CHRG-107hhrg80883",
        "CHRG-107shrg79502",
        "CHRG-107shrg75354",
        "CHRG-107hhrg75955",
        "CHRG-107shrg81638",
        "CHRG-107hhrg84814",
        "CHRG-107hhrg81424",
        "CHRG-107hhrg73913",
        "CHRG-107shrg80847",
        "CHRG-107shrg82253",
        "CHRG-107hhrg76087",
        "CHRG-107shrg79405",
        "CHRG-107hhrg80676",
        "CHRG-107shrg78904",
        "CHRG-107hhrg86963",
        "CHRG-107shrg80787",
        "CHRG-107hhrg73730",
        "CHRG-107hhrg80496",
        "CHRG-107hhrg72835",
        "CHRG-107hhrg85125",
        "CHRG-107hhrg80138",
        "CHRG-107shrg78459",
        "CHRG-107shrg75947",
        "CHRG-107hhrg86964",
        "CHRG-107hhrg79467",
        "CHRG-107hhrg73737",
        "CHRG-107shrg83645",
        "CHRG-107hhrg85838",
        "CHRG-107shrg79695",
        "CHRG-107hhrg72832",
        "CHRG-107shrg82937",
        "CHRG-107hhrg81310",
        "CHRG-107hhrg85122",
        "CHRG-107shrg90301",
        "CHRG-107hhrg76310",
        "CHRG-107hhrg77578",
        "CHRG-107hhrg77858",
        "CHRG-107shrg70709",
        "CHRG-107shrg78383",
        "CHRG-107shrg76302",
        "CHRG-107shrg78260",
        "CHRG-107hhrg81423",
        "CHRG-107hhrg82952",
        "CHRG-107shrg84655",
        "CHRG-107hhrg86640",
        "CHRG-107shrg85407",
        "CHRG-107hhrg80671",
        "CHRG-107hhrg71498",
        "CHRG-107hhrg81781",
        "CHRG-107hhrg82633",
        "CHRG-107shrg84934",
        "CHRG-107hhrg74846",
        "CHRG-107shrg81033",
        "CHRG-107hhrg77989",
        "CHRG-107shrg77366",
        "CHRG-107hhrg86826",
        "CHRG-107jhrg96166",
        "CHRG-107hhrg84232",
        "CHRG-107shrg81923",
        "CHRG-107hhrg71492",
        "CHRG-107shrg82808",
        "CHRG-107hhrg84602",
        "CHRG-107shrg82316",
        "CHRG-107hhrg82440",
        "CHRG-107shrg82361",
        "CHRG-107hhrg80374",
        "CHRG-107shrg77065",
        "CHRG-107shrg80168",
        "CHRG-107shrg86939",
        "CHRG-107hhrg78504",
        "CHRG-107shrg81700",
        "CHRG-107hhrg86345",
        "CHRG-107shrg72191",
        "CHRG-107shrg74574",
        "CHRG-107shrg80081",
        "CHRG-107hhrg82547",
        "CHRG-107shrg82266",
        "CHRG-107hhrg85724",
        "CHRG-107shrg83959",
        "CHRG-107shrg73350",
        "CHRG-107jhrg77646",
        "CHRG-107hhrg76303",
        "CHRG-107shrg78817",
        "CHRG-107hhrg88886",
        "CHRG-107hhrg77056",
        "CHRG-107hhrg82358",
        "CHRG-107hhrg81309",
        "CHRG-107hhrg76309",
        "CHRG-107shrg76428",
        "CHRG-107shrg83165",
        "CHRG-107shrg74522",
        "CHRG-107hhrg85608",
        "CHRG-107hhrg82566",
        "CHRG-107shrg71542",
        "CHRG-107hhrg80355",
        "CHRG-107hhrg78428",
        "CHRG-107hhrg76884",
        "CHRG-107hhrg75727",
        "CHRG-107shrg73599",
        "CHRG-107shrg80375",
        "CHRG-107shrg76057",
        "CHRG-107shrg80278",
        "CHRG-107shrg77278",
        "CHRG-107hhrg75289",
        "CHRG-107hhrg77990",
        "CHRG-107shrg85218",
        "CHRG-107hhrg86568",
        "CHRG-107shrg82985",
        "CHRG-107hhrg76606",
        "CHRG-107shrg78032",
        "CHRG-107hhrg81491",
        "CHRG-107hhrg71356",
        "CHRG-107shrg74484",
        "CHRG-107shrg74567",
        "CHRG-107shrg70755",
        "CHRG-107hhrg84512",
        "CHRG-107hhrg76596",
        "CHRG-107hhrg82424",
        "CHRG-107hhrg70919",
        "CHRG-107shrg73349",
        "CHRG-107hhrg81955"
    ],
    "108": [
        "CHRG-108shrg97994",
        "CHRG-108hhrg89771",
        "CHRG-108hhrg90015",
        "CHRG-108shrg95624",
        "CHRG-108hhrg85517",
        "CHRG-108shrg87575",
        "CHRG-108shrg96602",
        "CHRG-108shrg90304",
        "CHRG-108shrg96675",
        "CHRG-108hhrg88424",
        "CHRG-108hhrg95196",
        "CHRG-108hhrg85489",
        "CHRG-108hhrg99654",
        "CHRG-108hhrg87229",
        "CHRG-108hhrg95868",
        "CHRG-108hhrg95445",
        "CHRG-108hhrg90112",
        "CHRG-108shrg90177",
        "CHRG-108hhrg91049",
        "CHRG-108hhrg97962",
        "CHRG-108hhrg91133",
        "CHRG-108hhrg87417",
        "CHRG-108shrg98053",
        "CHRG-108shrg90883",
        "CHRG-108shrg94708",
        "CHRG-108shrg95160",
        "CHRG-108hhrg87484",
        "CHRG-108shrg89324",
        "CHRG-108hhrg90726",
        "CHRG-108shrg96501",
        "CHRG-108shrg96598",
        "CHRG-108shrg21353",
        "CHRG-108hhrg97448",
        "CHRG-108shrg94104",
        "CHRG-108shrg96630",
        "CHRG-108shrg97122",
        "CHRG-108hhrg86049",
        "CHRG-108hhrg86133",
        "CHRG-108hhrg96995",
        "CHRG-108shrg91119",
        "CHRG-108hhrg96971",
        "CHRG-108shrg96370",
        "CHRG-108hhrg91645",
        "CHRG-108shrg96737",
        "CHRG-108hhrg93982",
        "CHRG-108hhrg89397",
        "CHRG-108shrg87960",
        "CHRG-108shrg93217",
        "CHRG-108hhrg91396",
        "CHRG-108hhrg89547",
        "CHRG-108shrg23081",
        "CHRG-108hhrg93308",
        "CHRG-108shrg93524",
        "CHRG-108shrg86582",
        "CHRG-108shrg88497",
        "CHRG-108shrg96109",
        "CHRG-108shrg87639",
        "CHRG-108hhrg92127",
        "CHRG-108shrg92792",
        "CHRG-108hhrg96315",
        "CHRG-108shrg95835",
        "CHRG-108hhrg98293",
        "CHRG-108hhrg89960",
        "CHRG-108hhrg97130",
        "CHRG-108hhrg93302",
        "CHRG-108shrg91317",
        "CHRG-108shrg93903",
        "CHRG-108shrg88509",
        "CHRG-108hhrg95456",
        "CHRG-108hhrg96407",
        "CHRG-108hhrg98486",
        "CHRG-108shrg91958",
        "CHRG-108shrg87936",
        "CHRG-108shrg89854",
        "CHRG-108hhrg94774",
        "CHRG-108shrg92524",
        "CHRG-108hhrg87230",
        "CHRG-108shrg87846",
        "CHRG-108shrg94028",
        "CHRG-108shrg95393",
        "CHRG-108hhrg98351",
        "CHRG-108shrg90014",
        "CHRG-108hhrg94493",
        "CHRG-108shrg97299",
        "CHRG-108hhrg86211",
        "CHRG-108shrg93578",
        "CHRG-108shrg95104",
        "CHRG-108hhrg92536",
        "CHRG-108hhrg92541",
        "CHRG-108shrg90459",
        "CHRG-108shrg90803",
        "CHRG-108shrg93572",
        "CHRG-108shrg87325",
        "CHRG-108hhrg90748",
        "CHRG-108hhrg95268",
        "CHRG-108hhrg92237",
        "CHRG-108hhrg88502",
        "CHRG-108hhrg93428",
        "CHRG-108hhrg98899",
        "CHRG-108hhrg86050",
        "CHRG-108shrg94993",
        "CHRG-108shrg94807",
        "CHRG-108shrg90762",
        "CHRG-108hhrg96096",
        "CHRG-108shrg90325",
        "CHRG-108hhrg96102",
        "CHRG-108hhrg93975",
        "CHRG-108shrg95605",
        "CHRG-108hhrg87546",
        "CHRG-108hhrg87985",
        "CHRG-108shrg97602",
        "CHRG-108shrg86496",
        "CHRG-108shrg96084",
        "CHRG-108shrg86855",
        "CHRG-108shrg90051",
        "CHRG-108shrg96970",
        "CHRG-108shrg85423",
        "CHRG-108shrg88510",
        "CHRG-108hhrg92409",
        "CHRG-108hhrg91422",
        "CHRG-108hhrg93282",
        "CHRG-108shrg87260",
        "CHRG-108shrg90466",
        "CHRG-108hhrg95220",
        "CHRG-108shrg89732",
        "CHRG-108shrg86038",
        "CHRG-108shrg85424",
        "CHRG-108shrg93984",
        "CHRG-108shrg93889",
        "CHRG-108hhrg94005",
        "CHRG-108hhrg96746",
        "CHRG-108shrg92255",
        "CHRG-108hhrg88505",
        "CHRG-108shrg92485",
        "CHRG-108shrg89536",
        "CHRG-108shrg89982",
        "CHRG-108hhrg93978",
        "CHRG-108hhrg95053",
        "CHRG-108shrg94893",
        "CHRG-108hhrg86057",
        "CHRG-108shrg88719",
        "CHRG-108shrg95342",
        "CHRG-108shrg90712",
        "CHRG-108shrg94557",
        "CHRG-108hhrg98999",
        "CHRG-108hhrg98900",
        "CHRG-108hhrg87738",
        "CHRG-108shrg89076",
        "CHRG-108hhrg96091",
        "CHRG-108shrg87990",
        "CHRG-108shrg90013",
        "CHRG-108hhrg94494",
        "CHRG-108shrg95533",
        "CHRG-108shrg96125",
        "CHRG-108shrg87328",
        "CHRG-108shrg95103",
        "CHRG-108shrg85831",
        "CHRG-108hhrg87490",
        "CHRG-108hhrg89585",
        "CHRG-108hhrg90205",
        "CHRG-108hhrg91840",
        "CHRG-108shrg87355",
        "CHRG-108hhrg91837",
        "CHRG-108shrg93575",
        "CHRG-108shrg85941",
        "CHRG-108shrg84743",
        "CHRG-108shrg97377",
        "CHRG-108hhrg97998",
        "CHRG-108shrg89143",
        "CHRG-108hhrg95451",
        "CHRG-108hhrg97365",
        "CHRG-108hhrg89718",
        "CHRG-108shrg92164",
        "CHRG-108shrg91928",
        "CHRG-108shrg88261",
        "CHRG-108hhrg86422",
        "CHRG-108shrg92459",
        "CHRG-108hhrg94773",
        "CHRG-108hhrg88430",
        "CHRG-108shrg86273",
        "CHRG-108hhrg91687",
        "CHRG-108shrg97543",
        "CHRG-108shrg92180",
        "CHRG-108shrg90720",
        "CHRG-108hhrg88194",
        "CHRG-108shrg86643",
        "CHRG-108shrg99604",
        "CHRG-108shrg93523",
        "CHRG-108shrg85917",
        "CHRG-108hhrg91861",
        "CHRG-108shrg96197",
        "CHRG-108hhrg89000",
        "CHRG-108shrg95512",
        "CHRG-108shrg95486",
        "CHRG-108hhrg95779",
        "CHRG-108hhrg93305",
        "CHRG-108shrg90578",
        "CHRG-108hhrg96625",
        "CHRG-108hhrg96992",
        "CHRG-108shrg94449",
        "CHRG-108shrg96393",
        "CHRG-108hhrg91648",
        "CHRG-108shrg93750",
        "CHRG-108hhrg93006",
        "CHRG-108hhrg86044",
        "CHRG-108shrg98318",
        "CHRG-108shrg89018",
        "CHRG-108shrg89162",
        "CHRG-108hhrg87721",
        "CHRG-108shrg96730",
        "CHRG-108hhrg97774",
        "CHRG-108hhrg91134",
        "CHRG-108hhrg98605",
        "CHRG-108shrg88541",
        "CHRG-108hhrg95741",
        "CHRG-108hhrg91579",
        "CHRG-108hhrg87483",
        "CHRG-108shrg89354",
        "CHRG-108shrg91355",
        "CHRG-108hhrg94833",
        "CHRG-108shrg89057",
        "CHRG-108shrg87142",
        "CHRG-108shrg85795",
        "CHRG-108hhrg95448",
        "CHRG-108hhrg93034",
        "CHRG-108hhrg87719",
        "CHRG-108shrg95264",
        "CHRG-108shrg93762",
        "CHRG-108hhrg94257",
        "CHRG-108hhrg88423",
        "CHRG-108hhrg98046",
        "CHRG-108shrg90303",
        "CHRG-108shrg89837",
        "CHRG-108shrg85336",
        "CHRG-108shrg89517",
        "CHRG-108hhrg89241",
        "CHRG-108hhrg88429",
        "CHRG-108shrg90309",
        "CHRG-108shrg20635",
        "CHRG-108hhrg95442",
        "CHRG-108hhrg97398",
        "CHRG-108hhrg96944",
        "CHRG-108shrg95873",
        "CHRG-108shrg97289",
        "CHRG-108shrg96502",
        "CHRG-108shrg98460",
        "CHRG-108hhrg94837",
        "CHRG-108hhrg87469",
        "CHRG-108hhrg87487",
        "CHRG-108shrg96145",
        "CHRG-108hhrg92901",
        "CHRG-108hhrg91577",
        "CHRG-108hhrg87519",
        "CHRG-108shrg90449",
        "CHRG-108shrg92207",
        "CHRG-108shrg89610",
        "CHRG-108shrg87608",
        "CHRG-108shrg94955",
        "CHRG-108hhrg92728",
        "CHRG-108shrg22918",
        "CHRG-108hhrg95446",
        "CHRG-108hhrg20084",
        "CHRG-108hhrg98048",
        "CHRG-108shrg24853",
        "CHRG-108hhrg88427",
        "CHRG-108shrg96698",
        "CHRG-108shrg87821",
        "CHRG-108shrg95627",
        "CHRG-108shrg87495",
        "CHRG-108shrg94491",
        "CHRG-108shrg24143",
        "CHRG-108hhrg97396",
        "CHRG-108shrg97554",
        "CHRG-108hhrg97275",
        "CHRG-108shrg96177",
        "CHRG-108shrg94643",
        "CHRG-108shrg90951",
        "CHRG-108hhrg93301",
        "CHRG-108shrg93457",
        "CHRG-108hhrg89963",
        "CHRG-108shrg92775",
        "CHRG-108shrg94204",
        "CHRG-108hhrg98209",
        "CHRG-108shrg88040",
        "CHRG-108shrg93010",
        "CHRG-108shrg93184",
        "CHRG-108shrg93067",
        "CHRG-108shrg95841",
        "CHRG-108hhrg89004",
        "CHRG-108hhrg92124",
        "CHRG-108shrg87740",
        "CHRG-108shrg85179",
        "CHRG-108shrg90576",
        "CHRG-108hhrg89969",
        "CHRG-108hhrg89544",
        "CHRG-108hhrg95799",
        "CHRG-108shrg23082",
        "CHRG-108hhrg97034",
        "CHRG-108hhrg93981",
        "CHRG-108hhrg85421",
        "CHRG-108shrg91189",
        "CHRG-108hhrg95597",
        "CHRG-108shrg93624",
        "CHRG-108hhrg91646",
        "CHRG-108shrg88704",
        "CHRG-108shrg86785",
        "CHRG-108shrg93364",
        "CHRG-108shrg95781",
        "CHRG-108shrg92476",
        "CHRG-108hhrg20052",
        "CHRG-108shrg89797",
        "CHRG-108hhrg98358",
        "CHRG-108hhrg89468",
        "CHRG-108shrg85932",
        "CHRG-108shrg93571",
        "CHRG-108shrg87326",
        "CHRG-108hhrg92542",
        "CHRG-108shrg85938",
        "CHRG-108hhrg91839",
        "CHRG-108hhrg95626",
        "CHRG-108hhrg96677",
        "CHRG-108hhrg89052",
        "CHRG-108hhrg97555",
        "CHRG-108shrg92723",
        "CHRG-108hhrg98352",
        "CHRG-108shrg86299",
        "CHRG-108hhrg89351",
        "CHRG-108hhrg88813",
        "CHRG-108hhrg98121",
        "CHRG-108hhrg92392",
        "CHRG-108shrg89500",
        "CHRG-108hhrg98485",
        "CHRG-108hhrg95455",
        "CHRG-108hhrg95422",
        "CHRG-108hhrg87704",
        "CHRG-108hhrg95896",
        "CHRG-108hhrg88232",
        "CHRG-108shrg91200",
        "CHRG-108hhrg98210",
        "CHRG-108shrg93173",
        "CHRG-108shrg87629",
        "CHRG-108shrg93009",
        "CHRG-108shrg88129",
        "CHRG-108shrg92685",
        "CHRG-108shrg94383",
        "CHRG-108hhrg93722",
        "CHRG-108shrg97231",
        "CHRG-108shrg86495",
        "CHRG-108shrg88414",
        "CHRG-108hhrg96748",
        "CHRG-108shrg86856",
        "CHRG-108shrg97601",
        "CHRG-108hhrg95780",
        "CHRG-108hhrg89970",
        "CHRG-108hhrg93976",
        "CHRG-108shrg91434",
        "CHRG-108shrg89915",
        "CHRG-108hhrg98119",
        "CHRG-108hhrg88592",
        "CHRG-108hhrg96095",
        "CHRG-108hhrg96101",
        "CHRG-108shrg97822",
        "CHRG-108shrg85624",
        "CHRG-108shrg91190",
        "CHRG-108shrg88760",
        "CHRG-108shrg92158",
        "CHRG-108hhrg97229",
        "CHRG-108hhrg87736",
        "CHRG-108shrg92152",
        "CHRG-108hhrg86053",
        "CHRG-108shrg93393",
        "CHRG-108hhrg93551",
        "CHRG-108hhrg93426",
        "CHRG-108hhrg96092",
        "CHRG-108hhrg90400",
        "CHRG-108hhrg92239",
        "CHRG-108hhrg88476",
        "CHRG-108shrg85623",
        "CHRG-108hhrg95460",
        "CHRG-108hhrg86054",
        "CHRG-108shrg32198",
        "CHRG-108shrg92155",
        "CHRG-108shrg89535",
        "CHRG-108shrg97032",
        "CHRG-108shrg93394",
        "CHRG-108hhrg96098",
        "CHRG-108hhrg88506",
        "CHRG-108shrg94063",
        "CHRG-108hhrg96745",
        "CHRG-108shrg94750",
        "CHRG-108shrg92256",
        "CHRG-108shrg90515",
        "CHRG-108hhrg94006",
        "CHRG-108shrg92688",
        "CHRG-108shrg94317",
        "CHRG-108shrg94384",
        "CHRG-108shrg96429",
        "CHRG-108shrg94289",
        "CHRG-108shrg96804",
        "CHRG-108shrg91730",
        "CHRG-108hhrg93725",
        "CHRG-108hhrg96635",
        "CHRG-108hhrg92407",
        "CHRG-108shrg90465",
        "CHRG-108shrg91300",
        "CHRG-108hhrg91421",
        "CHRG-108hhrg89894",
        "CHRG-108shrg90723",
        "CHRG-108hhrg96409",
        "CHRG-108hhrg95555",
        "CHRG-108hhrg95458",
        "CHRG-108hhrg92306",
        "CHRG-108hhrg86871",
        "CHRG-108shrg89499",
        "CHRG-108shrg97093",
        "CHRG-108hhrg90815",
        "CHRG-108shrg86300",
        "CHRG-108hhrg88814",
        "CHRG-108shrg89140",
        "CHRG-108hhrg87703",
        "CHRG-108hhrg87679",
        "CHRG-108shrg97430",
        "CHRG-108shrg91136",
        "CHRG-108shrg93576",
        "CHRG-108shrg85935",
        "CHRG-108shrg85832",
        "CHRG-108shrg95177",
        "CHRG-108hhrg87493",
        "CHRG-108hhrg89848",
        "CHRG-108hhrg92538",
        "CHRG-108hhrg89055",
        "CHRG-108shrg89697",
        "CHRG-108shrg98626",
        "CHRG-108shrg91117",
        "CHRG-108shrg87197",
        "CHRG-108hhrg87722",
        "CHRG-108hhrg94316",
        "CHRG-108shrg92131",
        "CHRG-108shrg92146",
        "CHRG-108hhrg86047",
        "CHRG-108shrg88790",
        "CHRG-108shrg95255",
        "CHRG-108hhrg96525",
        "CHRG-108shrg94530",
        "CHRG-108shrg89998",
        "CHRG-108shrg93280",
        "CHRG-108shrg92926",
        "CHRG-108shrg96739",
        "CHRG-108hhrg90464",
        "CHRG-108shrg86938",
        "CHRG-108shrg94749",
        "CHRG-108hhrg91886",
        "CHRG-108hhrg91445",
        "CHRG-108hhrg89964",
        "CHRG-108hhrg87806",
        "CHRG-108hhrg93306",
        "CHRG-108shrg94203",
        "CHRG-108hhrg89003",
        "CHRG-108shrg91659",
        "CHRG-108jhrg94999",
        "CHRG-108shrg94290",
        "CHRG-108hhrg94905",
        "CHRG-108hhrg87066",
        "CHRG-108hhrg92564",
        "CHRG-108shrg95026",
        "CHRG-108shrg91380",
        "CHRG-108shrg85914",
        "CHRG-108shrg95051",
        "CHRG-108hhrg90161",
        "CHRG-108hhrg96410",
        "CHRG-108hhrg96947",
        "CHRG-108hhrg95441",
        "CHRG-108shrg87046",
        "CHRG-108hhrg89242",
        "CHRG-108shrg91835",
        "CHRG-108shrg20731",
        "CHRG-108hhrg96127",
        "CHRG-108hhrg86438",
        "CHRG-108shrg88398",
        "CHRG-108shrg85796",
        "CHRG-108hhrg91047",
        "CHRG-108hhrg86641",
        "CHRG-108hhrg87480",
        "CHRG-108shrg94676",
        "CHRG-108hhrg94157",
        "CHRG-108shrg92370",
        "CHRG-108shrg86993",
        "CHRG-108shrg85926",
        "CHRG-108shrg93948",
        "CHRG-108shrg86894",
        "CHRG-108shrg88542",
        "CHRG-108shrg88535",
        "CHRG-108shrg86420",
        "CHRG-108shrg87678",
        "CHRG-108hhrg90728",
        "CHRG-108hhrg89966",
        "CHRG-108hhrg93304",
        "CHRG-108shrg92337",
        "CHRG-108hhrg98746",
        "CHRG-108hhrg89001",
        "CHRG-108hhrg93639",
        "CHRG-108shrg95487",
        "CHRG-108shrg91721",
        "CHRG-108shrg95943",
        "CHRG-108shrg93068",
        "CHRG-108hhrg96313",
        "CHRG-108shrg91382",
        "CHRG-108shrg93458",
        "CHRG-108shrg90929",
        "CHRG-108hhrg94017",
        "CHRG-108shrg96178",
        "CHRG-108hhrg96089",
        "CHRG-108hhrg87389",
        "CHRG-108hhrg97775",
        "CHRG-108shrg91525",
        "CHRG-108hhrg86045",
        "CHRG-108hhrg87720",
        "CHRG-108hhrg96993",
        "CHRG-108hhrg95598",
        "CHRG-108jhrg95409",
        "CHRG-108shrg93316",
        "CHRG-108hhrg91303",
        "CHRG-108hhrg88721",
        "CHRG-108shrg90076",
        "CHRG-108shrg93050",
        "CHRG-108shrg24245",
        "CHRG-108hhrg91578",
        "CHRG-108hhrg87482",
        "CHRG-108hhrg84883",
        "CHRG-108hhrg98604",
        "CHRG-108hhrg95740",
        "CHRG-108hhrg87488",
        "CHRG-108shrg87330",
        "CHRG-108shrg85829",
        "CHRG-108hhrg94838",
        "CHRG-108hhrg91135",
        "CHRG-108shrg97456",
        "CHRG-108hhrg95443",
        "CHRG-108hhrg97399",
        "CHRG-108hhrg95914",
        "CHRG-108hhrg96945",
        "CHRG-108shrg89836",
        "CHRG-108hhrg89237",
        "CHRG-108shrg89516",
        "CHRG-108shrg85337",
        "CHRG-108hhrg88428",
        "CHRG-108shrg87824",
        "CHRG-108shrg24495",
        "CHRG-108hhrg88422",
        "CHRG-108shrg90302",
        "CHRG-108hhrg98047",
        "CHRG-108hhrg95449",
        "CHRG-108shrg87143",
        "CHRG-108shrg93763",
        "CHRG-108hhrg93035",
        "CHRG-108hhrg92727",
        "CHRG-108hhrg94256",
        "CHRG-108shrg99782",
        "CHRG-108hhrg91553",
        "CHRG-108shrg90840",
        "CHRG-108hhrg96747",
        "CHRG-108hhrg94004",
        "CHRG-108shrg89643",
        "CHRG-108shrg85062",
        "CHRG-108shrg89739",
        "CHRG-108shrg96976",
        "CHRG-108shrg88151",
        "CHRG-108shrg90127",
        "CHRG-108hhrg95221",
        "CHRG-108shrg89744",
        "CHRG-108hhrg91423",
        "CHRG-108shrg91302",
        "CHRG-108shrg97604",
        "CHRG-108hhrg93283",
        "CHRG-108hhrg89455",
        "CHRG-108hhrg88330",
        "CHRG-108shrg88585",
        "CHRG-108hhrg96090",
        "CHRG-108shrg87991",
        "CHRG-108shrg95603",
        "CHRG-108hhrg93973",
        "CHRG-108shrg90764",
        "CHRG-108hhrg92771",
        "CHRG-108shrg97827",
        "CHRG-108hhrg86056",
        "CHRG-108shrg88718",
        "CHRG-108hhrg85007",
        "CHRG-108shrg95239",
        "CHRG-108hhrg95462",
        "CHRG-108shrg91171",
        "CHRG-108hhrg93087",
        "CHRG-108hhrg88504",
        "CHRG-108hhrg89216",
        "CHRG-108hhrg93979",
        "CHRG-108shrg96569",
        "CHRG-108hhrg97999",
        "CHRG-108shrg86911",
        "CHRG-108shrg87354",
        "CHRG-108hhrg91841",
        "CHRG-108shrg93574",
        "CHRG-108hhrg92440",
        "CHRG-108hhrg86383",
        "CHRG-108shrg85830",
        "CHRG-108shrg91347",
        "CHRG-108shrg87329",
        "CHRG-108shrg93953",
        "CHRG-108hhrg89467",
        "CHRG-108hhrg87491",
        "CHRG-108hhrg94495",
        "CHRG-108shrg90721",
        "CHRG-108shrg92118",
        "CHRG-108shrg24122",
        "CHRG-108hhrg88195",
        "CHRG-108shrg96660",
        "CHRG-108hhrg88431",
        "CHRG-108shrg92458",
        "CHRG-108hhrg94772",
        "CHRG-108hhrg87701",
        "CHRG-108shrg87020",
        "CHRG-108hhrg89719",
        "CHRG-108hhrg95450",
        "CHRG-108shrg89042",
        "CHRG-108shrg93694",
        "CHRG-108shrg95392",
        "CHRG-108shrg94843",
        "CHRG-108shrg90751",
        "CHRG-108hhrg89353",
        "CHRG-108hhrg87231",
        "CHRG-108shrg96667",
        "CHRG-108shrg89855",
        "CHRG-108shrg91959",
        "CHRG-108hhrg88985",
        "CHRG-108hhrg94775",
        "CHRG-108shrg90266",
        "CHRG-108hhrg90867",
        "CHRG-108hhrg86809",
        "CHRG-108shrg95376",
        "CHRG-108hhrg95457",
        "CHRG-108shrg96414",
        "CHRG-108hhrg90749",
        "CHRG-108shrg95432",
        "CHRG-108hhrg92540",
        "CHRG-108hhrg92537",
        "CHRG-108shrg88459",
        "CHRG-108hhrg88396",
        "CHRG-108hhrg91566",
        "CHRG-108shrg93573",
        "CHRG-108shrg87353",
        "CHRG-108shrg87324",
        "CHRG-108hhrg86384",
        "CHRG-108shrg93579",
        "CHRG-108hhrg88735",
        "CHRG-108hhrg94492",
        "CHRG-108shrg97298",
        "CHRG-108hhrg96097",
        "CHRG-108hhrg96103",
        "CHRG-108hhrg93974",
        "CHRG-108shrg95604",
        "CHRG-108shrg94992",
        "CHRG-108shrg88681",
        "CHRG-108shrg91192",
        "CHRG-108hhrg86051",
        "CHRG-108shrg93738",
        "CHRG-108shrg23390",
        "CHRG-108hhrg88503",
        "CHRG-108shrg88255",
        "CHRG-108shrg91275",
        "CHRG-108shrg88831",
        "CHRG-108hhrg88230",
        "CHRG-108shrg95920",
        "CHRG-108shrg95957",
        "CHRG-108shrg89644",
        "CHRG-108shrg96426",
        "CHRG-108hhrg98212",
        "CHRG-108hhrg86681",
        "CHRG-108shrg94318",
        "CHRG-108shrg90050",
        "CHRG-108shrg85908",
        "CHRG-108hhrg87547",
        "CHRG-108shrg97603",
        "CHRG-108hhrg93310",
        "CHRG-108shrg86497",
        "CHRG-108hhrg95444",
        "CHRG-108hhrg95869",
        "CHRG-108hhrg88165",
        "CHRG-108shrg94920",
        "CHRG-108hhrg87228",
        "CHRG-108shrg95755",
        "CHRG-108hhrg99655",
        "CHRG-108hhrg95197",
        "CHRG-108shrg90396",
        "CHRG-108shrg97085",
        "CHRG-108shrg97188",
        "CHRG-108shrg87959",
        "CHRG-108shrg96674",
        "CHRG-108shrg96603",
        "CHRG-108shrg90305",
        "CHRG-108hhrg88425",
        "CHRG-108shrg88290",
        "CHRG-108hhrg91692",
        "CHRG-108shrg93687",
        "CHRG-108hhrg89770",
        "CHRG-108hhrg95439",
        "CHRG-108hhrg96948",
        "CHRG-108hhrg88015",
        "CHRG-108hhrg90727",
        "CHRG-108shrg96500",
        "CHRG-108shrg88917",
        "CHRG-108shrg95082",
        "CHRG-108hhrg87485",
        "CHRG-108shrg85929",
        "CHRG-108hhrg94158",
        "CHRG-108hhrg88288",
        "CHRG-108hhrg84884",
        "CHRG-108hhrg98603",
        "CHRG-108hhrg89959",
        "CHRG-108shrg85923",
        "CHRG-108hhrg97963",
        "CHRG-108hhrg91048",
        "CHRG-108hhrg86828",
        "CHRG-108shrg96736",
        "CHRG-108shrg96371",
        "CHRG-108shrg92143",
        "CHRG-108shrg92134",
        "CHRG-108hhrg86048",
        "CHRG-108hhrg96994",
        "CHRG-108shrg92149",
        "CHRG-108hhrg85019",
        "CHRG-108shrg91118",
        "CHRG-108shrg96631",
        "CHRG-108hhrg90582",
        "CHRG-108hhrg97131",
        "CHRG-108hhrg95791",
        "CHRG-108hhrg93303",
        "CHRG-108hhrg89961",
        "CHRG-108shrg93902",
        "CHRG-108shrg94641",
        "CHRG-108shrg90473",
        "CHRG-108hhrg92411",
        "CHRG-108hhrg98292",
        "CHRG-108shrg90049",
        "CHRG-108hhrg92126",
        "CHRG-108hhrg96314",
        "CHRG-108hhrg89546",
        "CHRG-108hhrg93309",
        "CHRG-108shrg23080",
        "CHRG-108shrg89289",
        "CHRG-108shrg93525",
        "CHRG-108shrg85911",
        "CHRG-108shrg96108",
        "CHRG-108shrg88496",
        "CHRG-108hhrg94067",
        "CHRG-108shrg95613",
        "CHRG-108shrg96738",
        "CHRG-108shrg87091",
        "CHRG-108hhrg96524",
        "CHRG-108hhrg87723",
        "CHRG-108shrg96296",
        "CHRG-108hhrg86046",
        "CHRG-108hhrg97776",
        "CHRG-108hhrg90481",
        "CHRG-108hhrg90835",
        "CHRG-108shrg90493",
        "CHRG-108hhrg92565",
        "CHRG-108shrg86587",
        "CHRG-108shrg91381",
        "CHRG-108hhrg89918",
        "CHRG-108hhrg93299",
        "CHRG-108hhrg94904",
        "CHRG-108hhrg87067",
        "CHRG-108hhrg92128",
        "CHRG-108hhrg89075",
        "CHRG-108hhrg89002",
        "CHRG-108hhrg98745",
        "CHRG-108shrg97780",
        "CHRG-108hhrg93307",
        "CHRG-108hhrg89965",
        "CHRG-108shrg85674",
        "CHRG-108hhrg95530",
        "CHRG-108hhrg97273",
        "CHRG-108shrg92962",
        "CHRG-108hhrg86543",
        "CHRG-108hhrg86439",
        "CHRG-108shrg91834",
        "CHRG-108hhrg89243",
        "CHRG-108hhrg90083",
        "CHRG-108hhrg96411",
        "CHRG-108hhrg92654",
        "CHRG-108hhrg90160",
        "CHRG-108hhrg96946",
        "CHRG-108hhrg86197",
        "CHRG-108hhrg95440",
        "CHRG-108shrg97902",
        "CHRG-108shrg87047",
        "CHRG-108hhrg95290",
        "CHRG-108shrg95528",
        "CHRG-108shrg88090",
        "CHRG-108shrg96923",
        "CHRG-108hhrg90729",
        "CHRG-108hhrg89850",
        "CHRG-108hhrg92899",
        "CHRG-108shrg93934",
        "CHRG-108hhrg91921",
        "CHRG-108hhrg87481",
        "CHRG-108hhrg87418",
        "CHRG-108shrg91684",
        "CHRG-108hhrg96225",
        "CHRG-108hhrg88570",
        "CHRG-108hhrg96099",
        "CHRG-108shrg89090",
        "CHRG-108hhrg95461",
        "CHRG-108hhrg86055",
        "CHRG-108shrg21964",
        "CHRG-108shrg89197",
        "CHRG-108hhrg96537",
        "CHRG-108shrg86709",
        "CHRG-108shrg94555",
        "CHRG-108hhrg92772",
        "CHRG-108hhrg95156",
        "CHRG-108shrg87871",
        "CHRG-108hhrg93427",
        "CHRG-108shrg95699",
        "CHRG-108hhrg96093",
        "CHRG-108hhrg92238",
        "CHRG-108hhrg88477",
        "CHRG-108hhrg96634",
        "CHRG-108shrg86493",
        "CHRG-108hhrg92951",
        "CHRG-108hhrg87543",
        "CHRG-108hhrg89456",
        "CHRG-108hhrg95222",
        "CHRG-108hhrg93724",
        "CHRG-108shrg88152",
        "CHRG-108hhrg96374",
        "CHRG-108shrg90514",
        "CHRG-108hhrg96744",
        "CHRG-108hhrg87869",
        "CHRG-108shrg23079",
        "CHRG-108shrg94937",
        "CHRG-108hhrg87702",
        "CHRG-108hhrg95453",
        "CHRG-108shrg91137",
        "CHRG-108hhrg88815",
        "CHRG-108hhrg92277",
        "CHRG-108shrg91493",
        "CHRG-108shrg92451",
        "CHRG-108hhrg90887",
        "CHRG-108shrg89476",
        "CHRG-108hhrg84759",
        "CHRG-108shrg94830",
        "CHRG-108hhrg88196",
        "CHRG-108hhrg96408",
        "CHRG-108hhrg95459",
        "CHRG-108hhrg95267",
        "CHRG-108shrg93040",
        "CHRG-108hhrg89054",
        "CHRG-108hhrg87141",
        "CHRG-108hhrg95289",
        "CHRG-108shrg92725",
        "CHRG-108hhrg94496",
        "CHRG-108shrg88089",
        "CHRG-108hhrg98354",
        "CHRG-108shrg95176",
        "CHRG-108shrg95101",
        "CHRG-108shrg85833",
        "CHRG-108hhrg89849",
        "CHRG-108hhrg87492",
        "CHRG-108hhrg90399",
        "CHRG-108shrg88999",
        "CHRG-108hhrg92539",
        "CHRG-108shrg87357",
        "CHRG-108shrg93577",
        "CHRG-108shrg89672",
        "CHRG-108hhrg89029",
        "CHRG-108shrg90082",
        "CHRG-108hhrg89053",
        "CHRG-108hhrg95383",
        "CHRG-108hhrg88736",
        "CHRG-108hhrg98353",
        "CHRG-108shrg93499",
        "CHRG-108shrg97632",
        "CHRG-108hhrg91838",
        "CHRG-108shrg86532",
        "CHRG-108shrg85944",
        "CHRG-108hhrg89469",
        "CHRG-108shrg95195",
        "CHRG-108shrg87327",
        "CHRG-108hhrg92543",
        "CHRG-108shrg95431",
        "CHRG-108hhrg85696",
        "CHRG-108hhrg94596",
        "CHRG-108shrg86005",
        "CHRG-108shrg92161",
        "CHRG-108shrg90622",
        "CHRG-108hhrg98484",
        "CHRG-108shrg96229",
        "CHRG-108shrg95296",
        "CHRG-108hhrg95423",
        "CHRG-108shrg95375",
        "CHRG-108hhrg95454",
        "CHRG-108hhrg91688",
        "CHRG-108shrg93709",
        "CHRG-108hhrg95903",
        "CHRG-108hhrg95897",
        "CHRG-108shrg85710",
        "CHRG-108hhrg92393",
        "CHRG-108hhrg98120",
        "CHRG-108shrg89501",
        "CHRG-108shrg87833",
        "CHRG-108shrg89041",
        "CHRG-108shrg91037",
        "CHRG-108shrg86494",
        "CHRG-108hhrg94170",
        "CHRG-108shrg97600",
        "CHRG-108shrg90129",
        "CHRG-108shrg89740",
        "CHRG-108hhrg93723",
        "CHRG-108hhrg98211",
        "CHRG-108shrg96425",
        "CHRG-108hhrg86682",
        "CHRG-108shrg93172",
        "CHRG-108shrg21394",
        "CHRG-108hhrg89166",
        "CHRG-108shrg87752",
        "CHRG-108shrg90513",
        "CHRG-108shrg87906",
        "CHRG-108shrg88256",
        "CHRG-108shrg92834",
        "CHRG-108shrg93641",
        "CHRG-108shrg85658",
        "CHRG-108hhrg86052",
        "CHRG-108shrg94558",
        "CHRG-108shrg91191",
        "CHRG-108shrg94991",
        "CHRG-108shrg96211",
        "CHRG-108hhrg93977",
        "CHRG-108hhrg87277",
        "CHRG-108shrg91915",
        "CHRG-108shrg91435",
        "CHRG-108shrg92569",
        "CHRG-108hhrg98118",
        "CHRG-108shrg94081",
        "CHRG-108hhrg96094",
        "CHRG-108hhrg96100",
        "CHRG-108shrg89611",
        "CHRG-108shrg96509",
        "CHRG-108shrg90096",
        "CHRG-108hhrg91576",
        "CHRG-108shrg85920",
        "CHRG-108shrg93587",
        "CHRG-108hhrg95739",
        "CHRG-108hhrg89470",
        "CHRG-108hhrg87486",
        "CHRG-108hhrg92900",
        "CHRG-108shrg88737",
        "CHRG-108hhrg88016",
        "CHRG-108shrg95261",
        "CHRG-108hhrg97274",
        "CHRG-108shrg85709",
        "CHRG-108shrg93710",
        "CHRG-108hhrg97397",
        "CHRG-108shrg96600",
        "CHRG-108hhrg88426",
        "CHRG-108shrg92548",
        "CHRG-108shrg89518",
        "CHRG-108shrg97086",
        "CHRG-108shrg92438",
        "CHRG-108shrg90395",
        "CHRG-108shrg91833",
        "CHRG-108hhrg95000",
        "CHRG-108hhrg91232",
        "CHRG-108hhrg92653",
        "CHRG-108shrg89058",
        "CHRG-108hhrg95447",
        "CHRG-108hhrg92515",
        "CHRG-108hhrg89545",
        "CHRG-108hhrg87450",
        "CHRG-108hhrg95798",
        "CHRG-108hhrg89968",
        "CHRG-108shrg93526",
        "CHRG-108hhrg94903",
        "CHRG-108hhrg86608",
        "CHRG-108hhrg92125",
        "CHRG-108shrg92790",
        "CHRG-108hhrg93640",
        "CHRG-108hhrg98291",
        "CHRG-108hhrg98208",
        "CHRG-108hhrg89005",
        "CHRG-108shrg95840",
        "CHRG-108hhrg90326",
        "CHRG-108shrg94642",
        "CHRG-108hhrg89962",
        "CHRG-108shrg89219",
        "CHRG-108hhrg97132",
        "CHRG-108hhrg95792",
        "CHRG-108hhrg93300",
        "CHRG-108shrg94171",
        "CHRG-108hhrg90581",
        "CHRG-108shrg92957",
        "CHRG-108shrg87175",
        "CHRG-108shrg91188",
        "CHRG-108hhrg91647",
        "CHRG-108shrg92137",
        "CHRG-108shrg96372",
        "CHRG-108shrg92140",
        "CHRG-108hhrg93980",
        "CHRG-108hhrg85420",
        "CHRG-108shrg88245"
    ],
    "109": [
        "CHRG-109hhrg25667",
        "CHRG-109hhrg44769",
        "CHRG-109hhrg30658",
        "CHRG-109hhrg22473",
        "CHRG-109hhrg27514",
        "CHRG-109hhrg28287",
        "CHRG-109shrg26550",
        "CHRG-109shrg34698",
        "CHRG-109hhrg28269",
        "CHRG-109shrg30869",
        "CHRG-109hhrg28263",
        "CHRG-109hhrg28214",
        "CHRG-109hhrg22133",
        "CHRG-109shrg21273",
        "CHRG-109hhrg30652",
        "CHRG-109hhrg22503",
        "CHRG-109hhrg22497",
        "CHRG-109shrg22831",
        "CHRG-109hhrg41850",
        "CHRG-109hhrg29708",
        "CHRG-109hhrg30526",
        "CHRG-109shrg26313",
        "CHRG-109hhrg20143",
        "CHRG-109hhrg38038",
        "CHRG-109shrg27921",
        "CHRG-109shrg21107",
        "CHRG-109hhrg22707",
        "CHRG-109shrg20668",
        "CHRG-109shrg32819",
        "CHRG-109hhrg24298",
        "CHRG-109shrg21194",
        "CHRG-109hhrg29332",
        "CHRG-109shrg22582",
        "CHRG-109hhrg20923",
        "CHRG-109shrg99848",
        "CHRG-109hhrg20745",
        "CHRG-109hhrg24820",
        "CHRG-109shrg99723",
        "CHRG-109shrg34274",
        "CHRG-109shrg23405",
        "CHRG-109shrg21331",
        "CHRG-109hhrg99912",
        "CHRG-109hhrg30660",
        "CHRG-109hhrg22985",
        "CHRG-109shrg21241",
        "CHRG-109hhrg21483",
        "CHRG-109shrg26465",
        "CHRG-109shrg27433",
        "CHRG-109shrg27869",
        "CHRG-109hhrg33865",
        "CHRG-109hhrg26920",
        "CHRG-109shrg28243",
        "CHRG-109hhrg27722",
        "CHRG-109shrg32146",
        "CHRG-109shrg22554",
        "CHRG-109hhrg20541",
        "CHRG-109hhrg22202",
        "CHRG-109shrg35222",
        "CHRG-109shrg33724",
        "CHRG-109shrg27534",
        "CHRG-109shrg28333",
        "CHRG-109hhrg30413",
        "CHRG-109hhrg25704",
        "CHRG-109hhrg44770",
        "CHRG-109hhrg24061",
        "CHRG-109hhrg22510",
        "CHRG-109hhrg28270",
        "CHRG-109hhrg32968",
        "CHRG-109hhrg24892",
        "CHRG-109hhrg35621",
        "CHRG-109hhrg29932",
        "CHRG-109hhrg31464",
        "CHRG-109shrg23014",
        "CHRG-109hhrg29848",
        "CHRG-109shrg20045",
        "CHRG-109shrg20955",
        "CHRG-109shrg32724",
        "CHRG-109hhrg24085",
        "CHRG-109hhrg20323",
        "CHRG-109shrg26640",
        "CHRG-109hhrg21296",
        "CHRG-109shrg21064",
        "CHRG-109hhrg28534",
        "CHRG-109hhrg26998",
        "CHRG-109hhrg21642",
        "CHRG-109hhrg21635",
        "CHRG-109shrg27586",
        "CHRG-109hhrg99783",
        "CHRG-109shrg99851",
        "CHRG-109shrg30835",
        "CHRG-109hhrg30339",
        "CHRG-109shrg26921",
        "CHRG-109shrg27287",
        "CHRG-109shrg24705",
        "CHRG-109shrg22379",
        "CHRG-109shrg30125",
        "CHRG-109hhrg23247",
        "CHRG-109hhrg27002",
        "CHRG-109hhrg22905",
        "CHRG-109hhrg34546",
        "CHRG-109hhrg22808",
        "CHRG-109hhrg21954",
        "CHRG-109shrg23941",
        "CHRG-109hhrg27091",
        "CHRG-109hhrg99901",
        "CHRG-109hhrg24844",
        "CHRG-109hhrg29894",
        "CHRG-109shrg27993",
        "CHRG-109shrg27870",
        "CHRG-109shrg29868",
        "CHRG-109hhrg21700",
        "CHRG-109shrg32518",
        "CHRG-109hhrg24257",
        "CHRG-109shrg24576",
        "CHRG-109shrg99869",
        "CHRG-109hhrg23829",
        "CHRG-109shrg21585",
        "CHRG-109shrg30711",
        "CHRG-109hhrg20878",
        "CHRG-109shrg99863",
        "CHRG-109shrg21561",
        "CHRG-109hhrg29729",
        "CHRG-109shrg27089",
        "CHRG-109hhrg30140",
        "CHRG-109hhrg20872",
        "CHRG-109shrg29918",
        "CHRG-109hhrg25915",
        "CHRG-109shrg24471",
        "CHRG-109shrg30251",
        "CHRG-109shrg27520",
        "CHRG-109hhrg25918",
        "CHRG-109hhrg31362",
        "CHRG-109hhrg24250",
        "CHRG-109hhrg28926",
        "CHRG-109hhrg30593",
        "CHRG-109shrg30351",
        "CHRG-109shrg33730",
        "CHRG-109shrg20304",
        "CHRG-109shrg30716",
        "CHRG-109hhrg23409",
        "CHRG-109hhrg23853",
        "CHRG-109shrg21846",
        "CHRG-109shrg34879",
        "CHRG-109shrg30611",
        "CHRG-109hhrg20555",
        "CHRG-109hhrg25912",
        "CHRG-109hhrg99622",
        "CHRG-109hhrg23039",
        "CHRG-109hhrg23143",
        "CHRG-109shrg31449",
        "CHRG-109hhrg29387",
        "CHRG-109shrg30256",
        "CHRG-109shrg22739",
        "CHRG-109hhrg34446",
        "CHRG-109shrg35578",
        "CHRG-109hhrg99906",
        "CHRG-109shrg21352",
        "CHRG-109hhrg21590",
        "CHRG-109shrg25117",
        "CHRG-109hhrg31182",
        "CHRG-109hhrg20751",
        "CHRG-109shrg26821",
        "CHRG-109hhrg29893",
        "CHRG-109hhrg26995",
        "CHRG-109shrg23757",
        "CHRG-109hhrg21638",
        "CHRG-109hhrg30532",
        "CHRG-109hhrg28533",
        "CHRG-109hhrg25920",
        "CHRG-109hhrg21632",
        "CHRG-109hhrg21645",
        "CHRG-109shrg28622",
        "CHRG-109hhrg23205",
        "CHRG-109shrg28188",
        "CHRG-109hhrg30646",
        "CHRG-109hhrg98395",
        "CHRG-109hhrg30631",
        "CHRG-109hhrg31469",
        "CHRG-109hhrg28299",
        "CHRG-109shrg26434",
        "CHRG-109hhrg28277",
        "CHRG-109hhrg32438",
        "CHRG-109hhrg29581",
        "CHRG-109hhrg31463",
        "CHRG-109shrg22776",
        "CHRG-109shrg28971",
        "CHRG-109hhrg26655",
        "CHRG-109shrg23606",
        "CHRG-109shrg26326",
        "CHRG-109hhrg28512",
        "CHRG-109shrg30348",
        "CHRG-109hhrg24249",
        "CHRG-109shrg33729",
        "CHRG-109hhrg98564",
        "CHRG-109shrg26611",
        "CHRG-109hhrg30414",
        "CHRG-109shrg28334",
        "CHRG-109shrg30471",
        "CHRG-109hhrg30327",
        "CHRG-109shrg36100",
        "CHRG-109shrg34739",
        "CHRG-109shrg23045",
        "CHRG-109shrg21771",
        "CHRG-109hhrg23687",
        "CHRG-109shrg21706",
        "CHRG-109shrg30041",
        "CHRG-109hhrg22988",
        "CHRG-109hhrg23259",
        "CHRG-109shrg33184",
        "CHRG-109hhrg99915",
        "CHRG-109hhrg22982",
        "CHRG-109hhrg20378",
        "CHRG-109shrg30131",
        "CHRG-109hhrg30667",
        "CHRG-109hhrg21484",
        "CHRG-109hhrg27016",
        "CHRG-109hhrg31096",
        "CHRG-109shrg26838",
        "CHRG-109shrg20164",
        "CHRG-109shrg28577",
        "CHRG-109hhrg20748",
        "CHRG-109hhrg26239",
        "CHRG-109shrg27370",
        "CHRG-109shrg25887",
        "CHRG-109hhrg33392",
        "CHRG-109shrg34858",
        "CHRG-109shrg25702",
        "CHRG-109shrg27036",
        "CHRG-109shrg27041",
        "CHRG-109hhrg20144",
        "CHRG-109hhrg30898",
        "CHRG-109hhrg31334",
        "CHRG-109hhrg29335",
        "CHRG-109hhrg20953",
        "CHRG-109shrg32197",
        "CHRG-109shrg22931",
        "CHRG-109hhrg25617",
        "CHRG-109shrg30004",
        "CHRG-109hhrg31470",
        "CHRG-109shrg99761",
        "CHRG-109hhrg27513",
        "CHRG-109hhrg29471",
        "CHRG-109hhrg30218",
        "CHRG-109hhrg28280",
        "CHRG-109shrg35169",
        "CHRG-109shrg33562",
        "CHRG-109shrg26427",
        "CHRG-109hhrg28264",
        "CHRG-109shrg28865",
        "CHRG-109hhrg36680",
        "CHRG-109shrg34695",
        "CHRG-109hhrg33790",
        "CHRG-109shrg98864",
        "CHRG-109hhrg22504",
        "CHRG-109hhrg30655",
        "CHRG-109hhrg28759",
        "CHRG-109hhrg21365",
        "CHRG-109shrg22581",
        "CHRG-109shrg36235",
        "CHRG-109shrg27572",
        "CHRG-109hhrg29331",
        "CHRG-109shrg30279",
        "CHRG-109hhrg22704",
        "CHRG-109hhrg36029",
        "CHRG-109shrg24803",
        "CHRG-109hhrg28897",
        "CHRG-109shrg21104",
        "CHRG-109hhrg29792",
        "CHRG-109shrg32199",
        "CHRG-109hhrg30651",
        "CHRG-109hhrg22500",
        "CHRG-109hhrg30216",
        "CHRG-109hhrg20790",
        "CHRG-109shrg22785",
        "CHRG-109hhrg28260",
        "CHRG-109hhrg26272",
        "CHRG-109hhrg28284",
        "CHRG-109shrg26804",
        "CHRG-109shrg26429",
        "CHRG-109shrg25575",
        "CHRG-109shrg33941",
        "CHRG-109shrg25855",
        "CHRG-109hhrg28757",
        "CHRG-109shrg34348",
        "CHRG-109hhrg24247",
        "CHRG-109hhrg30410",
        "CHRG-109shrg30701",
        "CHRG-109shrg33727",
        "CHRG-109hhrg36998",
        "CHRG-109shrg26686",
        "CHRG-109hhrg22201",
        "CHRG-109hhrg24770",
        "CHRG-109hhrg27721",
        "CHRG-109hhrg45334",
        "CHRG-109hhrg33866",
        "CHRG-109hhrg23689",
        "CHRG-109hhrg30329",
        "CHRG-109hhrg26330",
        "CHRG-109hhrg22986",
        "CHRG-109hhrg30663",
        "CHRG-109shrg26056",
        "CHRG-109hhrg99911",
        "CHRG-109shrg27643",
        "CHRG-109shrg21332",
        "CHRG-109hhrg42324",
        "CHRG-109hhrg63132",
        "CHRG-109hhrg30669",
        "CHRG-109hhrg24133",
        "CHRG-109shrg31389",
        "CHRG-109shrg28403",
        "CHRG-109hhrg20746",
        "CHRG-109shrg26841",
        "CHRG-109shrg36090",
        "CHRG-109shrg28923",
        "CHRG-109hhrg35892",
        "CHRG-109hhrg28170",
        "CHRG-109hhrg36400",
        "CHRG-109hhrg21636",
        "CHRG-109hhrg21641",
        "CHRG-109shrg23759",
        "CHRG-109hhrg45218",
        "CHRG-109shrg25358",
        "CHRG-109shrg29474",
        "CHRG-109hhrg26991",
        "CHRG-109shrg24984",
        "CHRG-109shrg24547",
        "CHRG-109shrg23280",
        "CHRG-109shrg34512",
        "CHRG-109shrg20956",
        "CHRG-109shrg28186",
        "CHRG-109hhrg30648",
        "CHRG-109hhrg24086",
        "CHRG-109shrg30423",
        "CHRG-109hhrg28279",
        "CHRG-109shrg28558",
        "CHRG-109shrg20046",
        "CHRG-109hhrg27853",
        "CHRG-109hhrg31467",
        "CHRG-109hhrg29931",
        "CHRG-109hhrg21196",
        "CHRG-109hhrg36679",
        "CHRG-109shrg30429",
        "CHRG-109hhrg28273",
        "CHRG-109hhrg32546",
        "CHRG-109hhrg24891",
        "CHRG-109hhrg98642",
        "CHRG-109hhrg27923",
        "CHRG-109shrg20826",
        "CHRG-109shrg35963",
        "CHRG-109hhrg25441",
        "CHRG-109shrg23785",
        "CHRG-109hhrg25916",
        "CHRG-109hhrg21709",
        "CHRG-109hhrg24714",
        "CHRG-109hhrg30039",
        "CHRG-109hhrg20871",
        "CHRG-109shrg27064",
        "CHRG-109shrg99860",
        "CHRG-109hhrg24769",
        "CHRG-109hhrg26127",
        "CHRG-109hhrg25101",
        "CHRG-109shrg99967",
        "CHRG-109hhrg23407",
        "CHRG-109hhrg33118",
        "CHRG-109shrg31099",
        "CHRG-109hhrg24254",
        "CHRG-109hhrg21703",
        "CHRG-109hhrg25888",
        "CHRG-109shrg27909",
        "CHRG-109hhrg23040",
        "CHRG-109shrg25997",
        "CHRG-109shrg28489",
        "CHRG-109shrg22740",
        "CHRG-109shrg23942",
        "CHRG-109hhrg99902",
        "CHRG-109hhrg27092",
        "CHRG-109hhrg34545",
        "CHRG-109hhrg30694",
        "CHRG-109shrg32618",
        "CHRG-109hhrg27001",
        "CHRG-109shrg25119",
        "CHRG-109hhrg99908",
        "CHRG-109shrg33094",
        "CHRG-109shrg20814",
        "CHRG-109hhrg30793",
        "CHRG-109hhrg30670",
        "CHRG-109shrg31390",
        "CHRG-109shrg20004",
        "CHRG-109shrg28417",
        "CHRG-109hhrg30340",
        "CHRG-109hhrg99905",
        "CHRG-109shrg21351",
        "CHRG-109hhrg31181",
        "CHRG-109hhrg30693",
        "CHRG-109hhrg22901",
        "CHRG-109shrg20539",
        "CHRG-109hhrg30794",
        "CHRG-109shrg97751",
        "CHRG-109hhrg35767",
        "CHRG-109shrg27360",
        "CHRG-109shrg25879",
        "CHRG-109hhrg24947",
        "CHRG-109hhrg98600",
        "CHRG-109shrg26508",
        "CHRG-109shrg24331",
        "CHRG-109hhrg20085",
        "CHRG-109hhrg99621",
        "CHRG-109hhrg25911",
        "CHRG-109shrg31810",
        "CHRG-109hhrg24713",
        "CHRG-109hhrg23850",
        "CHRG-109shrg27063",
        "CHRG-109hhrg30139",
        "CHRG-109shrg30618",
        "CHRG-109hhrg29727",
        "CHRG-109shrg27113",
        "CHRG-109shrg33733",
        "CHRG-109hhrg24253",
        "CHRG-109shrg30352",
        "CHRG-109shrg38736",
        "CHRG-109hhrg25541",
        "CHRG-109shrg27523",
        "CHRG-109hhrg21704",
        "CHRG-109hhrg31361",
        "CHRG-109hhrg26656",
        "CHRG-109shrg33148",
        "CHRG-109shrg27768",
        "CHRG-109hhrg28290",
        "CHRG-109shrg22775",
        "CHRG-109hhrg31460",
        "CHRG-109hhrg28274",
        "CHRG-109hhrg27590",
        "CHRG-109shrg30087",
        "CHRG-109hhrg23206",
        "CHRG-109shrg25686",
        "CHRG-109shrg30620",
        "CHRG-109hhrg98866",
        "CHRG-109shrg26743",
        "CHRG-109shrg25355",
        "CHRG-109hhrg44957",
        "CHRG-109shrg27461",
        "CHRG-109hhrg21631",
        "CHRG-109hhrg30531",
        "CHRG-109hhrg26891",
        "CHRG-109shrg27485",
        "CHRG-109shrg21017",
        "CHRG-109shrg29473",
        "CHRG-109hhrg29352",
        "CHRG-109hhrg26996",
        "CHRG-109shrg24983",
        "CHRG-109shrg21427",
        "CHRG-109hhrg38581",
        "CHRG-109hhrg34234",
        "CHRG-109hhrg33391",
        "CHRG-109shrg20167",
        "CHRG-109shrg30496",
        "CHRG-109hhrg21949",
        "CHRG-109shrg25194",
        "CHRG-109shrg31620",
        "CHRG-109shrg28144",
        "CHRG-109hhrg22542",
        "CHRG-109shrg36963",
        "CHRG-109hhrg30664",
        "CHRG-109shrg30132",
        "CHRG-109hhrg21943",
        "CHRG-109hhrg25626",
        "CHRG-109hhrg35339",
        "CHRG-109hhrg99916",
        "CHRG-109shrg30042",
        "CHRG-109shrg23046",
        "CHRG-109shrg28924",
        "CHRG-109shrg26831",
        "CHRG-109hhrg28228",
        "CHRG-109shrg32402",
        "CHRG-109shrg26255",
        "CHRG-109shrg31809",
        "CHRG-109hhrg25908",
        "CHRG-109shrg23696",
        "CHRG-109shrg21036",
        "CHRG-109hhrg23944",
        "CHRG-109shrg21951",
        "CHRG-109hhrg32719",
        "CHRG-109shrg27193",
        "CHRG-109shrg21821",
        "CHRG-109hhrg27282",
        "CHRG-109hhrg28657",
        "CHRG-109shrg28095",
        "CHRG-109hhrg30656",
        "CHRG-109shrg27706",
        "CHRG-109shrg21299",
        "CHRG-109hhrg44767",
        "CHRG-109hhrg28267",
        "CHRG-109shrg34696",
        "CHRG-109hhrg28289",
        "CHRG-109hhrg25259",
        "CHRG-109shrg25922",
        "CHRG-109hhrg28317",
        "CHRG-109hhrg28283",
        "CHRG-109hhrg27589",
        "CHRG-109hhrg31473",
        "CHRG-109hhrg22499",
        "CHRG-109shrg32744",
        "CHRG-109shrg29619",
        "CHRG-109shrg25792",
        "CHRG-109hhrg32721",
        "CHRG-109shrg22568",
        "CHRG-109hhrg20927",
        "CHRG-109shrg26620",
        "CHRG-109shrg22848",
        "CHRG-109hhrg21628",
        "CHRG-109shrg23730",
        "CHRG-109shrg24990",
        "CHRG-109hhrg34660",
        "CHRG-109hhrg30528",
        "CHRG-109hhrg24205",
        "CHRG-109shrg21103",
        "CHRG-109shrg20611",
        "CHRG-109shrg21544",
        "CHRG-109shrg27532",
        "CHRG-109shrg24843",
        "CHRG-109hhrg30415",
        "CHRG-109hhrg20007",
        "CHRG-109shrg24480",
        "CHRG-109shrg24939",
        "CHRG-109hhrg28129",
        "CHRG-109shrg26610",
        "CHRG-109shrg33728",
        "CHRG-109shrg27442",
        "CHRG-109hhrg28513",
        "CHRG-109shrg30349",
        "CHRG-109hhrg24248",
        "CHRG-109shrg28348",
        "CHRG-109hhrg45346",
        "CHRG-109shrg28576",
        "CHRG-109hhrg26238",
        "CHRG-109hhrg20749",
        "CHRG-109hhrg29812",
        "CHRG-109hhrg33393",
        "CHRG-109shrg25886",
        "CHRG-109shrg28131",
        "CHRG-109hhrg30666",
        "CHRG-109hhrg20379",
        "CHRG-109hhrg22983",
        "CHRG-109shrg30040",
        "CHRG-109hhrg22989",
        "CHRG-109shrg22285",
        "CHRG-109hhrg31073",
        "CHRG-109hhrg23258",
        "CHRG-109hhrg99914",
        "CHRG-109shrg34738",
        "CHRG-109shrg23044",
        "CHRG-109shrg22930",
        "CHRG-109shrg33684",
        "CHRG-109shrg27147",
        "CHRG-109hhrg34662",
        "CHRG-109hhrg29334",
        "CHRG-109shrg29838",
        "CHRG-109shrg30298",
        "CHRG-109hhrg20145",
        "CHRG-109shrg22150",
        "CHRG-109hhrg30899",
        "CHRG-109shrg30201",
        "CHRG-109shrg24895",
        "CHRG-109shrg27927",
        "CHRG-109hhrg22241",
        "CHRG-109hhrg26073",
        "CHRG-109shrg21531",
        "CHRG-109shrg99513",
        "CHRG-109hhrg27128",
        "CHRG-109shrg23861",
        "CHRG-109shrg35878",
        "CHRG-109hhrg22572",
        "CHRG-109hhrg22505",
        "CHRG-109hhrg30654",
        "CHRG-109hhrg23627",
        "CHRG-109shrg23171",
        "CHRG-109hhrg28265",
        "CHRG-109shrg26426",
        "CHRG-109shrg28864",
        "CHRG-109hhrg31471",
        "CHRG-109hhrg27512",
        "CHRG-109hhrg28281",
        "CHRG-109hhrg25616",
        "CHRG-109shrg32746",
        "CHRG-109shrg30005",
        "CHRG-109hhrg23038",
        "CHRG-109hhrg25913",
        "CHRG-109hhrg25869",
        "CHRG-109hhrg29386",
        "CHRG-109shrg31448",
        "CHRG-109hhrg23142",
        "CHRG-109shrg32480",
        "CHRG-109hhrg23408",
        "CHRG-109hhrg23852",
        "CHRG-109shrg21847",
        "CHRG-109shrg21830",
        "CHRG-109hhrg33117",
        "CHRG-109hhrg25173",
        "CHRG-109shrg99881",
        "CHRG-109shrg30717",
        "CHRG-109shrg22885",
        "CHRG-109hhrg25919",
        "CHRG-109shrg31435",
        "CHRG-109hhrg31363",
        "CHRG-109hhrg24251",
        "CHRG-109shrg30350",
        "CHRG-109hhrg30592",
        "CHRG-109hhrg20750",
        "CHRG-109hhrg29451",
        "CHRG-109hhrg29892",
        "CHRG-109shrg20961",
        "CHRG-109shrg25116",
        "CHRG-109hhrg21591",
        "CHRG-109hhrg99907",
        "CHRG-109shrg36452",
        "CHRG-109shrg28058",
        "CHRG-109hhrg26716",
        "CHRG-109hhrg99899",
        "CHRG-109shrg28468",
        "CHRG-109hhrg24412",
        "CHRG-109shrg26593",
        "CHRG-109shrg22642",
        "CHRG-109hhrg26351",
        "CHRG-109shrg31395",
        "CHRG-109shrg27218",
        "CHRG-109shrg28623",
        "CHRG-109shrg99857",
        "CHRG-109hhrg28532",
        "CHRG-109hhrg25921",
        "CHRG-109shrg37071",
        "CHRG-109hhrg21644",
        "CHRG-109shrg25357",
        "CHRG-109hhrg21633",
        "CHRG-109hhrg22686",
        "CHRG-109shrg26395",
        "CHRG-109shrg24981",
        "CHRG-109shrg22149",
        "CHRG-109hhrg21639",
        "CHRG-109shrg21891",
        "CHRG-109shrg25153",
        "CHRG-109hhrg99581",
        "CHRG-109shrg99609",
        "CHRG-109shrg21726",
        "CHRG-109hhrg29580",
        "CHRG-109hhrg29934",
        "CHRG-109hhrg31462",
        "CHRG-109shrg26545",
        "CHRG-109hhrg33251",
        "CHRG-109hhrg31468",
        "CHRG-109hhrg29949",
        "CHRG-109shrg26962",
        "CHRG-109hhrg28276",
        "CHRG-109hhrg32439",
        "CHRG-109hhrg99512",
        "CHRG-109shrg30085",
        "CHRG-109hhrg30647",
        "CHRG-109hhrg33682",
        "CHRG-109shrg25154",
        "CHRG-109shrg20954",
        "CHRG-109shrg22340",
        "CHRG-109shrg24631",
        "CHRG-109hhrg24084",
        "CHRG-109hhrg31465",
        "CHRG-109hhrg35620",
        "CHRG-109hhrg29933",
        "CHRG-109hhrg29849",
        "CHRG-109shrg20044",
        "CHRG-109hhrg28271",
        "CHRG-109shrg30871",
        "CHRG-109hhrg24893",
        "CHRG-109shrg32212",
        "CHRG-109hhrg25705",
        "CHRG-109shrg21216",
        "CHRG-109hhrg39536",
        "CHRG-109shrg20490",
        "CHRG-109shrg20853",
        "CHRG-109hhrg26999",
        "CHRG-109hhrg21634",
        "CHRG-109hhrg21643",
        "CHRG-109shrg21018",
        "CHRG-109hhrg28965",
        "CHRG-109shrg27563",
        "CHRG-109shrg26641",
        "CHRG-109hhrg29710",
        "CHRG-109hhrg21297",
        "CHRG-109shrg26507",
        "CHRG-109hhrg29895",
        "CHRG-109shrg35144",
        "CHRG-109shrg27215",
        "CHRG-109shrg26137",
        "CHRG-109hhrg22809",
        "CHRG-109shrg23940",
        "CHRG-109hhrg99900",
        "CHRG-109hhrg27090",
        "CHRG-109shrg24704",
        "CHRG-109shrg30124",
        "CHRG-109shrg30153",
        "CHRG-109hhrg30672",
        "CHRG-109hhrg27003",
        "CHRG-109shrg30834",
        "CHRG-109shrg27286",
        "CHRG-109hhrg25914",
        "CHRG-109hhrg29728",
        "CHRG-109shrg27088",
        "CHRG-109hhrg26055",
        "CHRG-109shrg32154",
        "CHRG-109hhrg20873",
        "CHRG-109shrg36311",
        "CHRG-109shrg33736",
        "CHRG-109shrg30710",
        "CHRG-109hhrg26125",
        "CHRG-109hhrg20879",
        "CHRG-109shrg27992",
        "CHRG-109hhrg21701",
        "CHRG-109shrg34112",
        "CHRG-109shrg32519",
        "CHRG-109shrg20732",
        "CHRG-109hhrg30653",
        "CHRG-109hhrg22502",
        "CHRG-109hhrg28625",
        "CHRG-109hhrg22496",
        "CHRG-109shrg25470",
        "CHRG-109hhrg24819",
        "CHRG-109hhrg28262",
        "CHRG-109hhrg28286",
        "CHRG-109hhrg28268",
        "CHRG-109hhrg44768",
        "CHRG-109hhrg22472",
        "CHRG-109shrg26116",
        "CHRG-109shrg28197",
        "CHRG-109shrg26082",
        "CHRG-109hhrg30659",
        "CHRG-109hhrg28658",
        "CHRG-109shrg32736",
        "CHRG-109shrg24166",
        "CHRG-109hhrg20922",
        "CHRG-109shrg33683",
        "CHRG-109hhrg22706",
        "CHRG-109hhrg30900",
        "CHRG-109hhrg26814",
        "CHRG-109hhrg29333",
        "CHRG-109hhrg30527",
        "CHRG-109shrg27920",
        "CHRG-109shrg21106",
        "CHRG-109hhrg21627",
        "CHRG-109shrg22847",
        "CHRG-109hhrg26074",
        "CHRG-109hhrg41851",
        "CHRG-109hhrg28116",
        "CHRG-109hhrg29709",
        "CHRG-109hhrg28227",
        "CHRG-109hhrg33394",
        "CHRG-109hhrg22984",
        "CHRG-109hhrg30661",
        "CHRG-109hhrg35341",
        "CHRG-109shrg28031",
        "CHRG-109shrg32609",
        "CHRG-109shrg28401",
        "CHRG-109shrg22751",
        "CHRG-109shrg26843",
        "CHRG-109shrg21799",
        "CHRG-109hhrg27380",
        "CHRG-109hhrg30412",
        "CHRG-109shrg31088",
        "CHRG-109shrg35223",
        "CHRG-109shrg33725",
        "CHRG-109shrg31011",
        "CHRG-109shrg28696",
        "CHRG-109hhrg27723",
        "CHRG-109shrg24053",
        "CHRG-109hhrg31270",
        "CHRG-109shrg27432",
        "CHRG-109hhrg28514",
        "CHRG-109shrg25982",
        "CHRG-109hhrg25260",
        "CHRG-109hhrg21942",
        "CHRG-109hhrg35338",
        "CHRG-109hhrg25627",
        "CHRG-109hhrg21948",
        "CHRG-109hhrg23251",
        "CHRG-109hhrg21468",
        "CHRG-109shrg31621",
        "CHRG-109hhrg30665",
        "CHRG-109shrg28575",
        "CHRG-109hhrg34659",
        "CHRG-109shrg26353",
        "CHRG-109hhrg45345",
        "CHRG-109shrg27916",
        "CHRG-109hhrg31397",
        "CHRG-109shrg24020",
        "CHRG-109shrg26763",
        "CHRG-109shrg30677",
        "CHRG-109shrg99875",
        "CHRG-109hhrg20880",
        "CHRG-109shrg30707",
        "CHRG-109shrg22998",
        "CHRG-109hhrg23945",
        "CHRG-109shrg24837",
        "CHRG-109shrg32403",
        "CHRG-109hhrg30416",
        "CHRG-109hhrg45242",
        "CHRG-109shrg26254",
        "CHRG-109shrg31808",
        "CHRG-109shrg21037",
        "CHRG-109hhrg25909",
        "CHRG-109hhrg21761",
        "CHRG-109hhrg22498",
        "CHRG-109shrg32745",
        "CHRG-109shrg26112",
        "CHRG-109hhrg99828",
        "CHRG-109hhrg23269",
        "CHRG-109hhrg30283",
        "CHRG-109hhrg28282",
        "CHRG-109hhrg31472",
        "CHRG-109hhrg27511",
        "CHRG-109hhrg28266",
        "CHRG-109hhrg28288",
        "CHRG-109shrg28810",
        "CHRG-109shrg34697",
        "CHRG-109shrg22227",
        "CHRG-109hhrg22506",
        "CHRG-109hhrg22571",
        "CHRG-109hhrg28656",
        "CHRG-109hhrg30657",
        "CHRG-109shrg36593",
        "CHRG-109hhrg22242",
        "CHRG-109shrg27404",
        "CHRG-109shrg29831",
        "CHRG-109shrg30202",
        "CHRG-109hhrg21629",
        "CHRG-109shrg21108",
        "CHRG-109hhrg34661",
        "CHRG-109shrg26211",
        "CHRG-109hhrg30529",
        "CHRG-109hhrg29707",
        "CHRG-109shrg28639",
        "CHRG-109hhrg32720",
        "CHRG-109hhrg43331",
        "CHRG-109hhrg20471",
        "CHRG-109shrg25878",
        "CHRG-109hhrg24946",
        "CHRG-109shrg26509",
        "CHRG-109shrg29644",
        "CHRG-109shrg20448",
        "CHRG-109hhrg30795",
        "CHRG-109shrg36451",
        "CHRG-109hhrg26715",
        "CHRG-109hhrg99904",
        "CHRG-109shrg21350",
        "CHRG-109hhrg24151",
        "CHRG-109hhrg20219",
        "CHRG-109hhrg30692",
        "CHRG-109shrg29373",
        "CHRG-109hhrg29891",
        "CHRG-109shrg27288",
        "CHRG-109hhrg30341",
        "CHRG-109shrg26479",
        "CHRG-109hhrg24252",
        "CHRG-109hhrg30591",
        "CHRG-109shrg30353",
        "CHRG-109hhrg21705",
        "CHRG-109hhrg27379",
        "CHRG-109shrg30619",
        "CHRG-109shrg22886",
        "CHRG-109shrg26699",
        "CHRG-109shrg33732",
        "CHRG-109hhrg45711",
        "CHRG-109shrg30787",
        "CHRG-109hhrg24712",
        "CHRG-109hhrg23851",
        "CHRG-109shrg99866",
        "CHRG-109hhrg24258",
        "CHRG-109hhrg25910",
        "CHRG-109hhrg23141",
        "CHRG-109hhrg29385",
        "CHRG-109hhrg22481",
        "CHRG-109hhrg23207",
        "CHRG-109hhrg20688",
        "CHRG-109shrg26961",
        "CHRG-109shrg30555",
        "CHRG-109hhrg28275",
        "CHRG-109hhrg27925",
        "CHRG-109hhrg33252",
        "CHRG-109shrg26546",
        "CHRG-109hhrg32967",
        "CHRG-109shrg36059",
        "CHRG-109shrg26985",
        "CHRG-109shrg30425",
        "CHRG-109hhrg31461",
        "CHRG-109hhrg26657",
        "CHRG-109hhrg31026",
        "CHRG-109hhrg23913",
        "CHRG-109hhrg38580",
        "CHRG-109hhrg34235",
        "CHRG-109shrg24536",
        "CHRG-109hhrg22685",
        "CHRG-109hhrg26997",
        "CHRG-109shrg24982",
        "CHRG-109hhrg21630",
        "CHRG-109hhrg44956",
        "CHRG-109hhrg30530",
        "CHRG-109hhrg28531",
        "CHRG-109shrg99854",
        "CHRG-109hhrg98867",
        "CHRG-109shrg23281",
        "CHRG-109shrg21456",
        "CHRG-109hhrg25958",
        "CHRG-109shrg27560",
        "CHRG-109shrg24985",
        "CHRG-109hhrg28966",
        "CHRG-109hhrg21640",
        "CHRG-109hhrg21637",
        "CHRG-109shrg23758",
        "CHRG-109hhrg34772",
        "CHRG-109hhrg28171",
        "CHRG-109hhrg20562",
        "CHRG-109shrg28080",
        "CHRG-109hhrg25706",
        "CHRG-109shrg27669",
        "CHRG-109hhrg28272",
        "CHRG-109hhrg24890",
        "CHRG-109hhrg27922",
        "CHRG-109hhrg32440",
        "CHRG-109hhrg28278",
        "CHRG-109shrg20047",
        "CHRG-109hhrg31466",
        "CHRG-109hhrg27852",
        "CHRG-109hhrg24087",
        "CHRG-109hhrg30649",
        "CHRG-109shrg28187",
        "CHRG-109shrg23451",
        "CHRG-109shrg25120",
        "CHRG-109shrg28258",
        "CHRG-109shrg26240",
        "CHRG-109hhrg24255",
        "CHRG-109hhrg29388",
        "CHRG-109shrg31446",
        "CHRG-109hhrg23041",
        "CHRG-109hhrg21702",
        "CHRG-109shrg29430",
        "CHRG-109hhrg25530",
        "CHRG-109hhrg26126",
        "CHRG-109shrg26670",
        "CHRG-109shrg33735",
        "CHRG-109hhrg23406",
        "CHRG-109hhrg20870",
        "CHRG-109shrg27065",
        "CHRG-109hhrg27744",
        "CHRG-109hhrg21242",
        "CHRG-109hhrg28573",
        "CHRG-109shrg28225",
        "CHRG-109hhrg25917",
        "CHRG-109hhrg31429",
        "CHRG-109hhrg27000",
        "CHRG-109hhrg99909",
        "CHRG-109shrg25118",
        "CHRG-109hhrg22899",
        "CHRG-109hhrg30671",
        "CHRG-109shrg34362",
        "CHRG-109hhrg99903",
        "CHRG-109shrg20886",
        "CHRG-109hhrg34544",
        "CHRG-109shrg98930",
        "CHRG-109shrg20445",
        "CHRG-109shrg35130",
        "CHRG-109shrg50301",
        "CHRG-109shrg26490",
        "CHRG-109hhrg29793",
        "CHRG-109shrg21105",
        "CHRG-109shrg27403",
        "CHRG-109shrg30391",
        "CHRG-109shrg29946",
        "CHRG-109hhrg22705",
        "CHRG-109hhrg30897",
        "CHRG-109shrg24802",
        "CHRG-109hhrg21364",
        "CHRG-109hhrg30169",
        "CHRG-109shrg26115",
        "CHRG-109shrg28000",
        "CHRG-109hhrg28285",
        "CHRG-109shrg22683",
        "CHRG-109shrg26805",
        "CHRG-109hhrg30310",
        "CHRG-109shrg30431",
        "CHRG-109shrg25574",
        "CHRG-109hhrg29579",
        "CHRG-109shrg28983",
        "CHRG-109hhrg30217",
        "CHRG-109hhrg28261",
        "CHRG-109hhrg21160",
        "CHRG-109shrg31329",
        "CHRG-109hhrg30650",
        "CHRG-109hhrg22501",
        "CHRG-109shrg21392",
        "CHRG-109shrg24940",
        "CHRG-109hhrg25529",
        "CHRG-109hhrg33867",
        "CHRG-109hhrg22200",
        "CHRG-109shrg99872",
        "CHRG-109hhrg23486",
        "CHRG-109shrg22426",
        "CHRG-109hhrg20869",
        "CHRG-109shrg97983",
        "CHRG-109shrg33726",
        "CHRG-109shrg99878",
        "CHRG-109hhrg26505",
        "CHRG-109hhrg24246",
        "CHRG-109shrg26253",
        "CHRG-109shrg34102",
        "CHRG-109hhrg30411",
        "CHRG-109shrg23704",
        "CHRG-109hhrg20747",
        "CHRG-109hhrg28259",
        "CHRG-109shrg28578",
        "CHRG-109shrg36091",
        "CHRG-109shrg28922",
        "CHRG-109hhrg99910",
        "CHRG-109shrg98923",
        "CHRG-109hhrg20377",
        "CHRG-109hhrg30668",
        "CHRG-109shrg22315",
        "CHRG-109shrg27745",
        "CHRG-109hhrg27187",
        "CHRG-109hhrg30662",
        "CHRG-109hhrg22987",
        "CHRG-109shrg20526",
        "CHRG-109hhrg23688",
        "CHRG-109shrg21604",
        "CHRG-109shrg26947",
        "CHRG-109hhrg30252",
        "CHRG-109shrg26930",
        "CHRG-109hhrg26331",
        "CHRG-109hhrg30328"
    ],
    "110": [
        "CHRG-110hhrg35719",
        "CHRG-110hhrg50808",
        "CHRG-110shrg42158",
        "CHRG-110shrg33869",
        "CHRG-110hhrg42774",
        "CHRG-110shrg46267",
        "CHRG-110shrg38192",
        "CHRG-110hhrg44738",
        "CHRG-110shrg35852",
        "CHRG-110hhrg44635",
        "CHRG-110hhrg48063",
        "CHRG-110hhrg33755",
        "CHRG-110shrg44163",
        "CHRG-110hhrg56580",
        "CHRG-110hhrg40599",
        "CHRG-110hhrg51699",
        "CHRG-110hhrg34911",
        "CHRG-110shrg35045",
        "CHRG-110shrg46317",
        "CHRG-110hhrg42709",
        "CHRG-110hhrg43116",
        "CHRG-110shrg41103",
        "CHRG-110hhrg36735",
        "CHRG-110hhrg53573",
        "CHRG-110hhrg45947",
        "CHRG-110shrg45475",
        "CHRG-110shrg44367",
        "CHRG-110hhrg44911",
        "CHRG-110shrg49769",
        "CHRG-110shrg46014",
        "CHRG-110hhrg48657",
        "CHRG-110hhrg35930",
        "CHRG-110hhrg36546",
        "CHRG-110hhrg47589",
        "CHRG-110hhrg43755",
        "CHRG-110hhrg51638",
        "CHRG-110shrg54534",
        "CHRG-110shrg37274",
        "CHRG-110hhrg40818",
        "CHRG-110shrg35537",
        "CHRG-110shrg43702",
        "CHRG-110hhrg43029",
        "CHRG-110hhrg37015",
        "CHRG-110hhrg42636",
        "CHRG-110hhrg48588",
        "CHRG-110hhrg38255",
        "CHRG-110shrg38959",
        "CHRG-110shrg43235",
        "CHRG-110shrg36936",
        "CHRG-110shrg39385",
        "CHRG-110shrg42550",
        "CHRG-110shrg44765",
        "CHRG-110shrg35303",
        "CHRG-110shrg37883",
        "CHRG-110shrg45194",
        "CHRG-110shrg41245",
        "CHRG-110hhrg38566",
        "CHRG-110hhrg53642",
        "CHRG-110shrg44322",
        "CHRG-110hhrg34777",
        "CHRG-110hhrg34799",
        "CHRG-110hhrg50229",
        "CHRG-110hhrg47996",
        "CHRG-110shrg32999",
        "CHRG-110hhrg34793",
        "CHRG-110hhrg35805",
        "CHRG-110hhrg38582",
        "CHRG-110shrg33870",
        "CHRG-110shrg39600",
        "CHRG-110shrg49479",
        "CHRG-110shrg49574",
        "CHRG-110hhrg50095",
        "CHRG-110shrg37352",
        "CHRG-110shrg36883",
        "CHRG-110shrg43214",
        "CHRG-110shrg44093",
        "CHRG-110shrg35482",
        "CHRG-110hhrg44651",
        "CHRG-110hhrg40463",
        "CHRG-110hhrg34908",
        "CHRG-110shrg44537",
        "CHRG-110hhrg43196",
        "CHRG-110shrg45328",
        "CHRG-110shrg36749",
        "CHRG-110hhrg44428",
        "CHRG-110shrg34537",
        "CHRG-110hhrg35929",
        "CHRG-110shrg37566",
        "CHRG-110shrg39404",
        "CHRG-110hhrg35923",
        "CHRG-110hhrg51567",
        "CHRG-110shrg32571",
        "CHRG-110hhrg47590",
        "CHRG-110hhrg44896",
        "CHRG-110shrg35765",
        "CHRG-110hhrg53018",
        "CHRG-110hhrg43507",
        "CHRG-110hhrg37916",
        "CHRG-110hhrg56191",
        "CHRG-110shrg37727",
        "CHRG-110hhrg48496",
        "CHRG-110shrg33938",
        "CHRG-110hhrg38706",
        "CHRG-110shrg43788",
        "CHRG-110shrg33932",
        "CHRG-110shrg44852",
        "CHRG-110shrg44135",
        "CHRG-110shrg39436",
        "CHRG-110shrg40443",
        "CHRG-110shrg39441",
        "CHRG-110shrg40539",
        "CHRG-110shrg38324",
        "CHRG-110hhrg43333",
        "CHRG-110shrg37164",
        "CHRG-110shrg37069",
        "CHRG-110hhrg34780",
        "CHRG-110shrg46828",
        "CHRG-110hhrg55767",
        "CHRG-110shrg36341",
        "CHRG-110shrg34475",
        "CHRG-110hhrg40365",
        "CHRG-110hhrg38578",
        "CHRG-110hhrg37738",
        "CHRG-110hhrg34787",
        "CHRG-110hhrg47541",
        "CHRG-110shrg42630",
        "CHRG-110hhrg40625",
        "CHRG-110hhrg48241",
        "CHRG-110hhrg45291",
        "CHRG-110shrg51273",
        "CHRG-110hhrg42898",
        "CHRG-110shrg40543",
        "CHRG-110shrg48150",
        "CHRG-110shrg44771",
        "CHRG-110hhrg35916",
        "CHRG-110shrg41251",
        "CHRG-110shrg34405",
        "CHRG-110hhrg41234",
        "CHRG-110hhrg49627",
        "CHRG-110hhrg43599",
        "CHRG-110shrg38840",
        "CHRG-110shrg41835",
        "CHRG-110hhrg46057",
        "CHRG-110hhrg39990",
        "CHRG-110hhrg40871",
        "CHRG-110hhrg36687",
        "CHRG-110shrg36045",
        "CHRG-110hhrg37001",
        "CHRG-110shrg36142",
        "CHRG-110hhrg47391",
        "CHRG-110shrg44855",
        "CHRG-110shrg33935",
        "CHRG-110hhrg51756",
        "CHRG-110hhrg43593",
        "CHRG-110shrg35803",
        "CHRG-110shrg36643",
        "CHRG-110shrg37151",
        "CHRG-110shrg41269",
        "CHRG-110shrg46170",
        "CHRG-110shrg47686",
        "CHRG-110shrg41263",
        "CHRG-110hhrg43276",
        "CHRG-110hhrg35924",
        "CHRG-110hhrg38170",
        "CHRG-110hhrg51517",
        "CHRG-110hhrg44425",
        "CHRG-110hhrg40153",
        "CHRG-110hhrg35770",
        "CHRG-110shrg35051",
        "CHRG-110shrg36077",
        "CHRG-110hhrg35340",
        "CHRG-110shrg42856",
        "CHRG-110hhrg38204",
        "CHRG-110shrg36967",
        "CHRG-110hhrg34802",
        "CHRG-110shrg41900",
        "CHRG-110shrg43280",
        "CHRG-110shrg45665",
        "CHRG-110hhrg46428",
        "CHRG-110hhrg39021",
        "CHRG-110hhrg44139",
        "CHRG-110hhrg48718",
        "CHRG-110shrg35373",
        "CHRG-110shrg41242",
        "CHRG-110shrg45193",
        "CHRG-110hhrg38516",
        "CHRG-110shrg40160",
        "CHRG-110shrg42629",
        "CHRG-110hhrg47525",
        "CHRG-110hhrg34794",
        "CHRG-110hhrg36143",
        "CHRG-110hhrg47428",
        "CHRG-110hhrg51988",
        "CHRG-110hhrg39374",
        "CHRG-110shrg48149",
        "CHRG-110shrg43951",
        "CHRG-110shrg41248",
        "CHRG-110hhrg43580",
        "CHRG-110shrg41498",
        "CHRG-110hhrg42306",
        "CHRG-110hhrg39989",
        "CHRG-110shrg37273",
        "CHRG-110shrg39388",
        "CHRG-110hhrg40886",
        "CHRG-110hhrg52714",
        "CHRG-110shrg38033",
        "CHRG-110shrg33926",
        "CHRG-110shrg37649",
        "CHRG-110hhrg51635",
        "CHRG-110hhrg38252",
        "CHRG-110hhrg40815",
        "CHRG-110shrg35960",
        "CHRG-110shrg40380",
        "CHRG-110shrg41637",
        "CHRG-110hhrg43655",
        "CHRG-110jhrg44913",
        "CHRG-110hhrg42130",
        "CHRG-110shrg36310",
        "CHRG-110shrg46169",
        "CHRG-110shrg40835",
        "CHRG-110hhrg40339",
        "CHRG-110hhrg40234",
        "CHRG-110hhrg44006",
        "CHRG-110shrg43819",
        "CHRG-110shrg46080",
        "CHRG-110shrg48098",
        "CHRG-110hhrg41066",
        "CHRG-110shrg38648",
        "CHRG-110hhrg38169",
        "CHRG-110hhrg40697",
        "CHRG-110shrg44289",
        "CHRG-110shrg33914",
        "CHRG-110shrg35048",
        "CHRG-110hhrg35769",
        "CHRG-110shrg44164",
        "CHRG-110hhrg48064",
        "CHRG-110hhrg33752",
        "CHRG-110hhrg49776",
        "CHRG-110shrg34267",
        "CHRG-110hhrg51700",
        "CHRG-110hhrg46195",
        "CHRG-110shrg42512",
        "CHRG-110hhrg39491",
        "CHRG-110shrg47032",
        "CHRG-110shrg44973",
        "CHRG-110hhrg42797",
        "CHRG-110shrg35042",
        "CHRG-110shrg45336",
        "CHRG-110shrg48538",
        "CHRG-110shrg44380",
        "CHRG-110shrg37146",
        "CHRG-110shrg46899",
        "CHRG-110hhrg44008",
        "CHRG-110shrg40582",
        "CHRG-110shrg46167",
        "CHRG-110shrg34993",
        "CHRG-110hhrg36545",
        "CHRG-110shrg39487",
        "CHRG-110hhrg44178",
        "CHRG-110hhrg42409",
        "CHRG-110shrg41274",
        "CHRG-110hhrg38877",
        "CHRG-110hhrg42134",
        "CHRG-110hhrg33805",
        "CHRG-110hhrg44912",
        "CHRG-110hhrg36736",
        "CHRG-110hhrg43115",
        "CHRG-110hhrg37024",
        "CHRG-110shrg35046",
        "CHRG-110hhrg45023",
        "CHRG-110hhrg34912",
        "CHRG-110shrg40222",
        "CHRG-110hhrg40854",
        "CHRG-110shrg35956",
        "CHRG-110hhrg40823",
        "CHRG-110hhrg50111",
        "CHRG-110hhrg33756",
        "CHRG-110shrg45338",
        "CHRG-110shrg38108",
        "CHRG-110hhrg42777",
        "CHRG-110shrg43922",
        "CHRG-110shrg45090",
        "CHRG-110hhrg37368",
        "CHRG-110shrg37449",
        "CHRG-110hhrg44140",
        "CHRG-110shrg44616",
        "CHRG-110hhrg47995",
        "CHRG-110hhrg34790",
        "CHRG-110shrg38704",
        "CHRG-110hhrg50350",
        "CHRG-110hhrg44570",
        "CHRG-110hhrg45365",
        "CHRG-110hhrg34774",
        "CHRG-110shrg43142",
        "CHRG-110hhrg41120",
        "CHRG-110shrg44321",
        "CHRG-110hhrg38565",
        "CHRG-110shrg34568",
        "CHRG-110hhrg53641",
        "CHRG-110hhrg32738",
        "CHRG-110shrg40523",
        "CHRG-110hhrg44697",
        "CHRG-110hhrg33614",
        "CHRG-110shrg37293",
        "CHRG-110hhrg38256",
        "CHRG-110shrg36838",
        "CHRG-110shrg44568",
        "CHRG-110shrg47434",
        "CHRG-110hhrg36690",
        "CHRG-110shrg46256",
        "CHRG-110hhrg56555",
        "CHRG-110shrg36832",
        "CHRG-110hhrg44895",
        "CHRG-110shrg35766",
        "CHRG-110hhrg35030",
        "CHRG-110shrg41620",
        "CHRG-110hhrg35920",
        "CHRG-110shrg37581",
        "CHRG-110hhrg33106",
        "CHRG-110shrg41289",
        "CHRG-110hhrg43308",
        "CHRG-110hhrg42584",
        "CHRG-110shrg44640",
        "CHRG-110shrg48061",
        "CHRG-110shrg39470",
        "CHRG-110hhrg42947",
        "CHRG-110shrg39927",
        "CHRG-110hhrg43278",
        "CHRG-110shrg43897",
        "CHRG-110hhrg41961",
        "CHRG-110shrg50450",
        "CHRG-110hhrg40619",
        "CHRG-110hhrg45243",
        "CHRG-110hhrg36111",
        "CHRG-110hhrg38190",
        "CHRG-110shrg45835",
        "CHRG-110hhrg39025",
        "CHRG-110shrg41997",
        "CHRG-110shrg38876",
        "CHRG-110hhrg50096",
        "CHRG-110hhrg40510",
        "CHRG-110hhrg48813",
        "CHRG-110shrg45089",
        "CHRG-110hhrg41854",
        "CHRG-110shrg34476",
        "CHRG-110shrg45010",
        "CHRG-110shrg39865",
        "CHRG-110shrg40810",
        "CHRG-110hhrg37292",
        "CHRG-110hhrg55764",
        "CHRG-110hhrg34789",
        "CHRG-110shrg46951",
        "CHRG-110shrg42634",
        "CHRG-110hhrg40621",
        "CHRG-110hhrg34783",
        "CHRG-110hhrg49970",
        "CHRG-110hhrg43799",
        "CHRG-110hhrg42186",
        "CHRG-110hhrg35918",
        "CHRG-110shrg39435",
        "CHRG-110shrg40373",
        "CHRG-110hhrg46059",
        "CHRG-110shrg45729",
        "CHRG-110hhrg33330",
        "CHRG-110shrg38024",
        "CHRG-110hhrg36689",
        "CHRG-110shrg39646",
        "CHRG-110shrg33516",
        "CHRG-110hhrg36683",
        "CHRG-110shrg40379",
        "CHRG-110hhrg49623",
        "CHRG-110shrg36492",
        "CHRG-110shrg47117",
        "CHRG-110hhrg41330",
        "CHRG-110shrg44856",
        "CHRG-110shrg33416",
        "CHRG-110hhrg41799",
        "CHRG-110hhrg45532",
        "CHRG-110hhrg36684",
        "CHRG-110hhrg40872",
        "CHRG-110shrg34335",
        "CHRG-110hhrg49624",
        "CHRG-110hhrg47731",
        "CHRG-110shrg41836",
        "CHRG-110hhrg45108",
        "CHRG-110hhrg41929",
        "CHRG-110hhrg41573",
        "CHRG-110hhrg41853",
        "CHRG-110hhrg35915",
        "CHRG-110shrg33768",
        "CHRG-110shrg39981",
        "CHRG-110shrg39438",
        "CHRG-110hhrg36023",
        "CHRG-110hhrg43600",
        "CHRG-110hhrg45292",
        "CHRG-110shrg38617",
        "CHRG-110hhrg48242",
        "CHRG-110shrg42633",
        "CHRG-110hhrg40626",
        "CHRG-110shrg44238",
        "CHRG-110hhrg34784",
        "CHRG-110shrg42743",
        "CHRG-110jhrg42184",
        "CHRG-110shrg45167",
        "CHRG-110shrg47624",
        "CHRG-110shrg45110",
        "CHRG-110hhrg42528",
        "CHRG-110shrg42290",
        "CHRG-110shrg34647",
        "CHRG-110shrg44449",
        "CHRG-110hhrg39022",
        "CHRG-110hhrg35603",
        "CHRG-110shrg44544",
        "CHRG-110hhrg34801",
        "CHRG-110shrg45666",
        "CHRG-110hhrg39945",
        "CHRG-110shrg42405",
        "CHRG-110shrg43267",
        "CHRG-110shrg41429",
        "CHRG-110hhrg56579",
        "CHRG-110shrg45326",
        "CHRG-110shrg34740",
        "CHRG-110hhrg43198",
        "CHRG-110shrg35052",
        "CHRG-110hhrg40150",
        "CHRG-110hhrg48814",
        "CHRG-110hhrg44426",
        "CHRG-110shrg35351",
        "CHRG-110shrg40408",
        "CHRG-110hhrg35927",
        "CHRG-110shrg41260",
        "CHRG-110hhrg35599",
        "CHRG-110hhrg35577",
        "CHRG-110shrg39477",
        "CHRG-110hhrg42583",
        "CHRG-110shrg46090",
        "CHRG-110hhrg41988",
        "CHRG-110shrg34079",
        "CHRG-110shrg36640",
        "CHRG-110hhrg40816",
        "CHRG-110shrg35819",
        "CHRG-110hhrg51636",
        "CHRG-110hhrg38251",
        "CHRG-110shrg47003",
        "CHRG-110shrg47549",
        "CHRG-110hhrg42305",
        "CHRG-110shrg36418",
        "CHRG-110shrg38957",
        "CHRG-110hhrg41930",
        "CHRG-110hhrg38568",
        "CHRG-110hhrg37262",
        "CHRG-110hhrg42882",
        "CHRG-110shrg38703",
        "CHRG-110hhrg34797",
        "CHRG-110hhrg34779",
        "CHRG-110hhrg37652",
        "CHRG-110shrg34052",
        "CHRG-110hhrg34773",
        "CHRG-110hhrg45362",
        "CHRG-110hhrg47998",
        "CHRG-110hhrg50227",
        "CHRG-110hhrg45628",
        "CHRG-110hhrg38515",
        "CHRG-110shrg41236",
        "CHRG-110shrg45190",
        "CHRG-110shrg42289",
        "CHRG-110hhrg44037",
        "CHRG-110shrg42210",
        "CHRG-110shrg47921",
        "CHRG-110shrg49480",
        "CHRG-110shrg45335",
        "CHRG-110hhrg46886",
        "CHRG-110shrg35041",
        "CHRG-110shrg44450",
        "CHRG-110shrg45608",
        "CHRG-110shrg41817",
        "CHRG-110hhrg45024",
        "CHRG-110hhrg46196",
        "CHRG-110hhrg39492",
        "CHRG-110hhrg49775",
        "CHRG-110shrg45602",
        "CHRG-110hhrg48067",
        "CHRG-110hhrg33751",
        "CHRG-110hhrg43118",
        "CHRG-110shrg47851",
        "CHRG-110shrg41099",
        "CHRG-110shrg39684",
        "CHRG-110hhrg46535",
        "CHRG-110hhrg40149",
        "CHRG-110hhrg52315",
        "CHRG-110shrg33917",
        "CHRG-110shrg40668",
        "CHRG-110hhrg37783",
        "CHRG-110hhrg45220",
        "CHRG-110hhrg41186",
        "CHRG-110shrg45501",
        "CHRG-110hhrg48659",
        "CHRG-110shrg37826",
        "CHRG-110hhrg42953",
        "CHRG-110hhrg45610",
        "CHRG-110shrg40836",
        "CHRG-110hhrg44005",
        "CHRG-110shrg41273",
        "CHRG-110shrg45036",
        "CHRG-110shrg44664",
        "CHRG-110hhrg32737",
        "CHRG-110hhrg41945",
        "CHRG-110shrg42725",
        "CHRG-110shrg42628",
        "CHRG-110hhrg44478",
        "CHRG-110hhrg38057",
        "CHRG-110hhrg34795",
        "CHRG-110hhrg47524",
        "CHRG-110shrg45811",
        "CHRG-110shrg45985",
        "CHRG-110hhrg43666",
        "CHRG-110shrg42368",
        "CHRG-110shrg39553",
        "CHRG-110hhrg38517",
        "CHRG-110shrg45192",
        "CHRG-110hhrg34828",
        "CHRG-110hhrg38253",
        "CHRG-110shrg45735",
        "CHRG-110shrg40381",
        "CHRG-110hhrg36606",
        "CHRG-110shrg43704",
        "CHRG-110shrg38032",
        "CHRG-110hhrg42740",
        "CHRG-110hhrg45164",
        "CHRG-110hhrg52715",
        "CHRG-110shrg38733",
        "CHRG-110hhrg43753",
        "CHRG-110hhrg38168",
        "CHRG-110shrg44266",
        "CHRG-110hhrg40696",
        "CHRG-110hhrg45612",
        "CHRG-110hhrg47126",
        "CHRG-110hhrg38878",
        "CHRG-110shrg43818",
        "CHRG-110shrg34458",
        "CHRG-110shrg41206",
        "CHRG-110hhrg40338",
        "CHRG-110shrg46168",
        "CHRG-110hhrg44007",
        "CHRG-110hhrg42131",
        "CHRG-110shrg35043",
        "CHRG-110hhrg42796",
        "CHRG-110hhrg46430",
        "CHRG-110shrg42123",
        "CHRG-110shrg47954",
        "CHRG-110shrg38107",
        "CHRG-110shrg45337",
        "CHRG-110shrg45340",
        "CHRG-110hhrg40851",
        "CHRG-110shrg42513",
        "CHRG-110hhrg46194",
        "CHRG-110shrg41535",
        "CHRG-110hhrg48065",
        "CHRG-110hhrg33753",
        "CHRG-110hhrg49777",
        "CHRG-110shrg34266",
        "CHRG-110hhrg51701",
        "CHRG-110shrg45699",
        "CHRG-110shrg33962",
        "CHRG-110hhrg35768",
        "CHRG-110shrg35049",
        "CHRG-110shrg40542",
        "CHRG-110hhrg42899",
        "CHRG-110hhrg46712",
        "CHRG-110hhrg35917",
        "CHRG-110hhrg41492",
        "CHRG-110shrg45062",
        "CHRG-110hhrg48240",
        "CHRG-110shrg42631",
        "CHRG-110hhrg45290",
        "CHRG-110shrg45808",
        "CHRG-110hhrg34786",
        "CHRG-110hhrg38579",
        "CHRG-110hhrg51757",
        "CHRG-110shrg41933",
        "CHRG-110hhrg43592",
        "CHRG-110shrg43327",
        "CHRG-110hhrg42280",
        "CHRG-110hhrg47390",
        "CHRG-110shrg45211",
        "CHRG-110shrg44854",
        "CHRG-110shrg35165",
        "CHRG-110hhrg37093",
        "CHRG-110shrg45361",
        "CHRG-110hhrg36686",
        "CHRG-110shrg45282",
        "CHRG-110shrg42102",
        "CHRG-110shrg40641",
        "CHRG-110hhrg49626",
        "CHRG-110hhrg43598",
        "CHRG-110hhrg39552",
        "CHRG-110hhrg39991",
        "CHRG-110hhrg38171",
        "CHRG-110hhrg43277",
        "CHRG-110shrg47764",
        "CHRG-110hhrg44180",
        "CHRG-110hhrg42948",
        "CHRG-110shrg44742",
        "CHRG-110hhrg35925",
        "CHRG-110shrg46171",
        "CHRG-110hhrg42581",
        "CHRG-110shrg48013",
        "CHRG-110shrg46092",
        "CHRG-110shrg45589",
        "CHRG-110shrg41658",
        "CHRG-110shrg37150",
        "CHRG-110hhrg46429",
        "CHRG-110shrg40703",
        "CHRG-110shrg47517",
        "CHRG-110hhrg43963",
        "CHRG-110shrg38423",
        "CHRG-110hhrg46013",
        "CHRG-110shrg38553",
        "CHRG-110shrg35050",
        "CHRG-110hhrg35771",
        "CHRG-110hhrg40152",
        "CHRG-110shrg34742",
        "CHRG-110shrg44816",
        "CHRG-110shrg44861",
        "CHRG-110hhrg43197",
        "CHRG-110hhrg44650",
        "CHRG-110shrg44092",
        "CHRG-110hhrg34909",
        "CHRG-110hhrg50094",
        "CHRG-110shrg41801",
        "CHRG-110hhrg48811",
        "CHRG-110shrg48267",
        "CHRG-110shrg40674",
        "CHRG-110shrg34648",
        "CHRG-110hhrg36750",
        "CHRG-110hhrg34720",
        "CHRG-110hhrg42152",
        "CHRG-110shrg35764",
        "CHRG-110hhrg38866",
        "CHRG-110hhrg35922",
        "CHRG-110shrg39855",
        "CHRG-110shrg37460",
        "CHRG-110shrg45127",
        "CHRG-110shrg40407",
        "CHRG-110hhrg35928",
        "CHRG-110shrg35329",
        "CHRG-110hhrg45241",
        "CHRG-110hhrg41004",
        "CHRG-110shrg45837",
        "CHRG-110hhrg52884",
        "CHRG-110hhrg44909",
        "CHRG-110hhrg44429",
        "CHRG-110hhrg45107",
        "CHRG-110hhrg34836",
        "CHRG-110shrg44134",
        "CHRG-110shrg35991",
        "CHRG-110hhrg41772",
        "CHRG-110hhrg36786",
        "CHRG-110hhrg38707",
        "CHRG-110shrg44490",
        "CHRG-110hhrg37094",
        "CHRG-110shrg44853",
        "CHRG-110hhrg36681",
        "CHRG-110hhrg56190",
        "CHRG-110shrg44597",
        "CHRG-110hhrg48497",
        "CHRG-110shrg47118",
        "CHRG-110hhrg49621",
        "CHRG-110hhrg37917",
        "CHRG-110shrg40968",
        "CHRG-110shrg39889",
        "CHRG-110hhrg41821",
        "CHRG-110shrg34474",
        "CHRG-110shrg41257",
        "CHRG-110shrg48846",
        "CHRG-110shrg34149",
        "CHRG-110hhrg55766",
        "CHRG-110hhrg34781",
        "CHRG-110shrg38618",
        "CHRG-110hhrg49972",
        "CHRG-110shrg39440",
        "CHRG-110shrg39437",
        "CHRG-110shrg46049",
        "CHRG-110shrg40538",
        "CHRG-110hhrg43332",
        "CHRG-110shrg42124",
        "CHRG-110shrg42153",
        "CHRG-110shrg35044",
        "CHRG-110shrg45330",
        "CHRG-110hhrg36734",
        "CHRG-110hhrg43117",
        "CHRG-110hhrg45946",
        "CHRG-110shrg47953",
        "CHRG-110hhrg37416",
        "CHRG-110hhrg40598",
        "CHRG-110hhrg48068",
        "CHRG-110shrg45700",
        "CHRG-110hhrg33754",
        "CHRG-110shrg42587",
        "CHRG-110shrg41881",
        "CHRG-110hhrg42775",
        "CHRG-110hhrg43754",
        "CHRG-110hhrg36547",
        "CHRG-110shrg39936",
        "CHRG-110shrg40580",
        "CHRG-110shrg41298",
        "CHRG-110shrg49768",
        "CHRG-110shrg48100",
        "CHRG-110shrg46015",
        "CHRG-110hhrg35931",
        "CHRG-110shrg45474",
        "CHRG-110hhrg44910",
        "CHRG-110hhrg38254",
        "CHRG-110hhrg40987",
        "CHRG-110shrg36027",
        "CHRG-110hhrg32919",
        "CHRG-110hhrg43028",
        "CHRG-110hhrg35720",
        "CHRG-110hhrg48589",
        "CHRG-110shrg43703",
        "CHRG-110shrg44840",
        "CHRG-110hhrg45163",
        "CHRG-110hhrg43848",
        "CHRG-110hhrg40819",
        "CHRG-110hhrg35804",
        "CHRG-110hhrg44038",
        "CHRG-110shrg48042",
        "CHRG-110shrg44663",
        "CHRG-110shrg46120",
        "CHRG-110shrg41239",
        "CHRG-110hhrg38583",
        "CHRG-110hhrg45627",
        "CHRG-110hhrg43356",
        "CHRG-110hhrg50228",
        "CHRG-110hhrg47997",
        "CHRG-110hhrg47523",
        "CHRG-110hhrg34792",
        "CHRG-110hhrg34776",
        "CHRG-110hhrg38157",
        "CHRG-110shrg38601",
        "CHRG-110hhrg41122",
        "CHRG-110hhrg34798",
        "CHRG-110shrg39554",
        "CHRG-110hhrg42439",
        "CHRG-110hhrg38567",
        "CHRG-110shrg47742",
        "CHRG-110shrg41349",
        "CHRG-110hhrg43941",
        "CHRG-110shrg37636",
        "CHRG-110shrg45276",
        "CHRG-110shrg35072",
        "CHRG-110shrg47548",
        "CHRG-110shrg41134",
        "CHRG-110hhrg33612",
        "CHRG-110hhrg51637",
        "CHRG-110hhrg38250",
        "CHRG-110shrg45191",
        "CHRG-110hhrg38514",
        "CHRG-110shrg42266",
        "CHRG-110hhrg48660",
        "CHRG-110hhrg45219",
        "CHRG-110shrg36789",
        "CHRG-110shrg36767",
        "CHRG-110shrg34053",
        "CHRG-110hhrg45363",
        "CHRG-110shrg47206",
        "CHRG-110hhrg34796",
        "CHRG-110shrg32808",
        "CHRG-110shrg45812",
        "CHRG-110hhrg34778",
        "CHRG-110hhrg37653",
        "CHRG-110hhrg40733",
        "CHRG-110hhrg37729",
        "CHRG-110hhrg41946",
        "CHRG-110hhrg37263",
        "CHRG-110hhrg42883",
        "CHRG-110shrg46262",
        "CHRG-110shrg40669",
        "CHRG-110shrg44801",
        "CHRG-110shrg32619",
        "CHRG-110hhrg51702",
        "CHRG-110hhrg52629",
        "CHRG-110hhrg48066",
        "CHRG-110hhrg33750",
        "CHRG-110hhrg40852",
        "CHRG-110hhrg39493",
        "CHRG-110shrg38173",
        "CHRG-110hhrg33803",
        "CHRG-110hhrg44914",
        "CHRG-110hhrg44819",
        "CHRG-110hhrg47586",
        "CHRG-110shrg45593",
        "CHRG-110hhrg38161",
        "CHRG-110hhrg36964",
        "CHRG-110shrg41205",
        "CHRG-110shrg41272",
        "CHRG-110shrg48003",
        "CHRG-110shrg40410",
        "CHRG-110shrg37827",
        "CHRG-110hhrg48658",
        "CHRG-110hhrg45611",
        "CHRG-110shrg41296",
        "CHRG-110hhrg40695",
        "CHRG-110shrg38747",
        "CHRG-110hhrg55749",
        "CHRG-110shrg35906",
        "CHRG-110hhrg39992",
        "CHRG-110shrg35971",
        "CHRG-110hhrg40873",
        "CHRG-110shrg34334",
        "CHRG-110hhrg49625",
        "CHRG-110hhrg45109",
        "CHRG-110shrg41837",
        "CHRG-110shrg37658",
        "CHRG-110hhrg36685",
        "CHRG-110shrg44577",
        "CHRG-110hhrg39976",
        "CHRG-110hhrg39998",
        "CHRG-110hhrg38249",
        "CHRG-110shrg34244",
        "CHRG-110shrg36570",
        "CHRG-110hhrg38920",
        "CHRG-110hhrg36562",
        "CHRG-110hhrg34785",
        "CHRG-110hhrg37640",
        "CHRG-110shrg42742",
        "CHRG-110hhrg43601",
        "CHRG-110hhrg36022",
        "CHRG-110shrg42632",
        "CHRG-110hhrg40627",
        "CHRG-110shrg50419",
        "CHRG-110hhrg41852",
        "CHRG-110hhrg46711",
        "CHRG-110shrg42396",
        "CHRG-110shrg40541",
        "CHRG-110shrg39439",
        "CHRG-110shrg33769",
        "CHRG-110hhrg35914",
        "CHRG-110shrg34741",
        "CHRG-110hhrg40151",
        "CHRG-110shrg35053",
        "CHRG-110hhrg35772",
        "CHRG-110shrg44538",
        "CHRG-110shrg44915",
        "CHRG-110shrg43266",
        "CHRG-110hhrg43530",
        "CHRG-110shrg43288",
        "CHRG-110hhrg56578",
        "CHRG-110hhrg48172",
        "CHRG-110shrg45667",
        "CHRG-110shrg42473",
        "CHRG-110hhrg42325",
        "CHRG-110hhrg41733",
        "CHRG-110shrg33905",
        "CHRG-110shrg44545",
        "CHRG-110hhrg39023",
        "CHRG-110shrg34078",
        "CHRG-110hhrg51568",
        "CHRG-110shrg43015",
        "CHRG-110hhrg35856",
        "CHRG-110hhrg42582",
        "CHRG-110shrg46091",
        "CHRG-110shrg39476",
        "CHRG-110shrg38364",
        "CHRG-110shrg40573",
        "CHRG-110shrg37849",
        "CHRG-110hhrg35926",
        "CHRG-110shrg40409",
        "CHRG-110hhrg38535",
        "CHRG-110hhrg36999",
        "CHRG-110hhrg44427",
        "CHRG-110hhrg38172",
        "CHRG-110shrg45519",
        "CHRG-110hhrg55750",
        "CHRG-110shrg33366",
        "CHRG-110shrg33311",
        "CHRG-110hhrg40618",
        "CHRG-110hhrg51518",
        "CHRG-110shrg44636",
        "CHRG-110hhrg41960",
        "CHRG-110shrg43896",
        "CHRG-110hhrg44089",
        "CHRG-110hhrg35921",
        "CHRG-110shrg39495",
        "CHRG-110hhrg41984",
        "CHRG-110hhrg38865",
        "CHRG-110hhrg43309",
        "CHRG-110shrg41266",
        "CHRG-110hhrg48812",
        "CHRG-110shrg35054",
        "CHRG-110shrg33908",
        "CHRG-110shrg40600",
        "CHRG-110shrg44868",
        "CHRG-110hhrg33390",
        "CHRG-110shrg43216",
        "CHRG-110hhrg50097",
        "CHRG-110hhrg42252",
        "CHRG-110hhrg40511",
        "CHRG-110hhrg36369",
        "CHRG-110shrg38893",
        "CHRG-110hhrg46110",
        "CHRG-110shrg42474",
        "CHRG-110hhrg40941",
        "CHRG-110shrg45227",
        "CHRG-110hhrg39024",
        "CHRG-110shrg44862",
        "CHRG-110shrg41353",
        "CHRG-110hhrg35919",
        "CHRG-110shrg44709",
        "CHRG-110hhrg42897",
        "CHRG-110shrg39880",
        "CHRG-110hhrg34782",
        "CHRG-110shrg38716",
        "CHRG-110hhrg38037",
        "CHRG-110hhrg49971",
        "CHRG-110hhrg43798",
        "CHRG-110shrg37111",
        "CHRG-110hhrg48239",
        "CHRG-110hhrg34788",
        "CHRG-110shrg36704",
        "CHRG-110shrg42642",
        "CHRG-110shrg44333",
        "CHRG-110shrg42635",
        "CHRG-110hhrg40620",
        "CHRG-110hhrg50348",
        "CHRG-110hhrg41822",
        "CHRG-110shrg41254",
        "CHRG-110shrg39987",
        "CHRG-110hhrg35913",
        "CHRG-110shrg40811",
        "CHRG-110shrg39864",
        "CHRG-110hhrg40874",
        "CHRG-110hhrg39876",
        "CHRG-110shrg41830",
        "CHRG-110hhrg49622",
        "CHRG-110shrg38512",
        "CHRG-110hhrg36682",
        "CHRG-110shrg40735",
        "CHRG-110hhrg33331",
        "CHRG-110hhrg37079",
        "CHRG-110hhrg41771",
        "CHRG-110hhrg36688",
        "CHRG-110hhrg43148",
        "CHRG-110hhrg46058",
        "CHRG-110hhrg37987",
        "CHRG-110shrg40208",
        "CHRG-110shrg45652",
        "CHRG-110hhrg49494",
        "CHRG-110shrg48097",
        "CHRG-110shrg42253",
        "CHRG-110hhrg44179",
        "CHRG-110shrg44728",
        "CHRG-110shrg46166",
        "CHRG-110shrg45140",
        "CHRG-110shrg44318",
        "CHRG-110shrg48539",
        "CHRG-110shrg46898",
        "CHRG-110hhrg33423",
        "CHRG-110shrg45339",
        "CHRG-110shrg33885",
        "CHRG-110shrg33911",
        "CHRG-110hhrg42776",
        "CHRG-110shrg33446",
        "CHRG-110shrg34318",
        "CHRG-110hhrg41210",
        "CHRG-110shrg43391",
        "CHRG-110hhrg45022",
        "CHRG-110shrg45703",
        "CHRG-110shrg34268",
        "CHRG-110hhrg34913",
        "CHRG-110hhrg37415",
        "CHRG-110hhrg56582",
        "CHRG-110hhrg50110",
        "CHRG-110hhrg46109",
        "CHRG-110shrg35957",
        "CHRG-110hhrg43114",
        "CHRG-110hhrg36740",
        "CHRG-110hhrg45945",
        "CHRG-110hhrg51103",
        "CHRG-110hhrg51987",
        "CHRG-110shrg38602",
        "CHRG-110hhrg41121",
        "CHRG-110hhrg47427",
        "CHRG-110hhrg45364",
        "CHRG-110hhrg34775",
        "CHRG-110shrg41699",
        "CHRG-110hhrg42170",
        "CHRG-110shrg47298",
        "CHRG-110hhrg34791",
        "CHRG-110hhrg40734",
        "CHRG-110hhrg41941",
        "CHRG-110shrg45008",
        "CHRG-110shrg34939",
        "CHRG-110hhrg37369",
        "CHRG-110shrg35438",
        "CHRG-110shrg33923",
        "CHRG-110hhrg36796",
        "CHRG-110shrg33929",
        "CHRG-110shrg42908",
        "CHRG-110shrg41574"
    ],
    "111": [
        "CHRG-111hhrg63138",
        "CHRG-111hhrg61798",
        "CHRG-111shrg56322",
        "CHRG-111hhrg53059",
        "CHRG-111hhrg50542",
        "CHRG-111hhrg51250",
        "CHRG-111hhrg55118",
        "CHRG-111hhrg63145",
        "CHRG-111shrg54566",
        "CHRG-111shrg57983",
        "CHRG-111hhrg55996",
        "CHRG-111shrg62198",
        "CHRG-111shrg51031",
        "CHRG-111hhrg57382",
        "CHRG-111hhrg57216",
        "CHRG-111hhrg50731",
        "CHRG-111hhrg47850",
        "CHRG-111hhrg52881",
        "CHRG-111shrg48895",
        "CHRG-111hhrg55751",
        "CHRG-111hhrg49842",
        "CHRG-111hhrg62119",
        "CHRG-111hhrg57975",
        "CHRG-111shrg52623",
        "CHRG-111shrg61669",
        "CHRG-111shrg52759",
        "CHRG-111shrg55692",
        "CHRG-111shrg61558",
        "CHRG-111shrg56720",
        "CHRG-111hhrg65131",
        "CHRG-111hhrg62618",
        "CHRG-111shrg57578",
        "CHRG-111shrg64545",
        "CHRG-111hhrg48141",
        "CHRG-111shrg62133",
        "CHRG-111shrg54874",
        "CHRG-111hhrg52609",
        "CHRG-111shrg55676",
        "CHRG-111hhrg58169",
        "CHRG-111hhrg46617",
        "CHRG-111shrg55478",
        "CHRG-111hhrg57560",
        "CHRG-111hhrg56375",
        "CHRG-111shrg55828",
        "CHRG-111shrg55952",
        "CHRG-111hhrg53758",
        "CHRG-111hhrg72880",
        "CHRG-111shrg62707",
        "CHRG-111shrg76840",
        "CHRG-111shrg55138",
        "CHRG-111shrg52190",
        "CHRG-111hhrg56560",
        "CHRG-111hhrg52628",
        "CHRG-111shrg52880",
        "CHRG-111shrg55620",
        "CHRG-111hhrg55101",
        "CHRG-111hhrg51249",
        "CHRG-111hhrg50806",
        "CHRG-111hhrg58135",
        "CHRG-111hhrg65557",
        "CHRG-111hhrg58491",
        "CHRG-111shrg62181",
        "CHRG-111shrg55360",
        "CHRG-111shrg76171",
        "CHRG-111shrg61700",
        "CHRG-111hhrg58236",
        "CHRG-111shrg56475",
        "CHRG-111hhrg61585",
        "CHRG-111shrg75510",
        "CHRG-111hhrg49956",
        "CHRG-111shrg52293",
        "CHRG-111hhrg52892",
        "CHRG-111shrg54698",
        "CHRG-111shrg65072",
        "CHRG-111hhrg64926",
        "CHRG-111hhrg55275",
        "CHRG-111hhrg58346",
        "CHRG-111hhrg54484",
        "CHRG-111shrg50179",
        "CHRG-111shrg62567",
        "CHRG-111hhrg65128",
        "CHRG-111shrg56643",
        "CHRG-111hhrg58000",
        "CHRG-111hhrg48412",
        "CHRG-111hhrg56018",
        "CHRG-111shrg56739",
        "CHRG-111shrg62157",
        "CHRG-111hhrg54385",
        "CHRG-111shrg51160",
        "CHRG-111hhrg56422",
        "CHRG-111shrg54639",
        "CHRG-111hhrg51542",
        "CHRG-111shrg57765",
        "CHRG-111shrg52778",
        "CHRG-111shrg52675",
        "CHRG-111shrg77756",
        "CHRG-111hhrg64914",
        "CHRG-111hhrg61873",
        "CHRG-111shrg55156",
        "CHRG-111hhrg47992",
        "CHRG-111hhrg56726",
        "CHRG-111shrg75805",
        "CHRG-111shrg54649",
        "CHRG-111shrg51264",
        "CHRG-111shrg49368",
        "CHRG-111hhrg49969",
        "CHRG-111shrg53807",
        "CHRG-111hhrg54878",
        "CHRG-111shrg53160",
        "CHRG-111shrg55931",
        "CHRG-111hhrg64919",
        "CHRG-111shrg48040",
        "CHRG-111shrg76034",
        "CHRG-111hhrg64913",
        "CHRG-111shrg57222",
        "CHRG-111shrg62719",
        "CHRG-111hhrg54018",
        "CHRG-111shrg46468",
        "CHRG-111hhrg55670",
        "CHRG-111hhrg53868",
        "CHRG-111hhrg46857",
        "CHRG-111shrg46666",
        "CHRG-111shrg54983",
        "CHRG-111hhrg52710",
        "CHRG-111hhrg54382",
        "CHRG-111shrg65249",
        "CHRG-111shrg54989",
        "CHRG-111shrg54884",
        "CHRG-111hhrg54388",
        "CHRG-111hhrg65562",
        "CHRG-111hhrg56972",
        "CHRG-111shrg62467",
        "CHRG-111shrg55668",
        "CHRG-111hhrg54756",
        "CHRG-111hhrg65125",
        "CHRG-111hhrg50469",
        "CHRG-111shrg62721",
        "CHRG-111shrg52640",
        "CHRG-111shrg61707",
        "CHRG-111hhrg49495",
        "CHRG-111shrg58157",
        "CHRG-111hhrg61936",
        "CHRG-111hhrg54020",
        "CHRG-111shrg50987",
        "CHRG-111shrg55019",
        "CHRG-111hhrg57176",
        "CHRG-111hhrg49951",
        "CHRG-111hhrg53679",
        "CHRG-111hhrg64921",
        "CHRG-111shrg53022",
        "CHRG-111shrg61699",
        "CHRG-111hhrg56847",
        "CHRG-111shrg50740",
        "CHRG-111hhrg55536",
        "CHRG-111shrg63237",
        "CHRG-111shrg52444",
        "CHRG-111shrg51415",
        "CHRG-111hhrg58132",
        "CHRG-111hhrg46818",
        "CHRG-111hhrg57735",
        "CHRG-111shrg49513",
        "CHRG-111hhrg55098",
        "CHRG-111shrg62455",
        "CHRG-111hhrg65550",
        "CHRG-111hhrg53137",
        "CHRG-111shrg54650",
        "CHRG-111hhrg52957",
        "CHRG-111hhrg53286",
        "CHRG-111shrg50025",
        "CHRG-111shrg61621",
        "CHRG-111shrg51737",
        "CHRG-111shrg53003",
        "CHRG-111hhrg51016",
        "CHRG-111hhrg56291",
        "CHRG-111shrg54367",
        "CHRG-111hhrg51111",
        "CHRG-111hhrg50349",
        "CHRG-111hhrg52493",
        "CHRG-111hhrg55669",
        "CHRG-111hhrg51898",
        "CHRG-111hhrg62946",
        "CHRG-111shrg62474",
        "CHRG-111shrg79529",
        "CHRG-111shrg66276",
        "CHRG-111shrg55331",
        "CHRG-111hhrg55410",
        "CHRG-111hhrg58459",
        "CHRG-111shrg54974",
        "CHRG-111shrg65250",
        "CHRG-111shrg54454",
        "CHRG-111shrg48760",
        "CHRG-111shrg51880",
        "CHRG-111shrg62929",
        "CHRG-111hhrg54738",
        "CHRG-111shrg56846",
        "CHRG-111shrg76452",
        "CHRG-111shrg54615",
        "CHRG-111hhrg49948",
        "CHRG-111shrg56051",
        "CHRG-111shrg46914",
        "CHRG-111shrg47761",
        "CHRG-111shrg49779",
        "CHRG-111shrg63020",
        "CHRG-111shrg56941",
        "CHRG-111shrg54355",
        "CHRG-111shrg56416",
        "CHRG-111shrg52624",
        "CHRG-111hhrg50631",
        "CHRG-111shrg63687",
        "CHRG-111hhrg63148",
        "CHRG-111hhrg58485",
        "CHRG-111shrg47942",
        "CHRG-111shrg56665",
        "CHRG-111hhrg48880",
        "CHRG-111shrg51951",
        "CHRG-111shrg49407",
        "CHRG-111hhrg63038",
        "CHRG-111hhrg65549",
        "CHRG-111hhrg54237",
        "CHRG-111hhrg63135",
        "CHRG-111shrg47058",
        "CHRG-111hhrg57385",
        "CHRG-111shrg52620",
        "CHRG-111shrg63053",
        "CHRG-111hhrg57976",
        "CHRG-111hhrg73750",
        "CHRG-111hhrg48204",
        "CHRG-111shrg50873",
        "CHRG-111hhrg47859",
        "CHRG-111shrg56125",
        "CHRG-111hhrg52441",
        "CHRG-111shrg47252",
        "CHRG-111hhrg50732",
        "CHRG-111hhrg55265",
        "CHRG-111hhrg55995",
        "CHRG-111shrg53692",
        "CHRG-111hhrg57215",
        "CHRG-111hhrg63146",
        "CHRG-111shrg63689",
        "CHRG-111shrg54565",
        "CHRG-111hhrg57625",
        "CHRG-111shrg57104",
        "CHRG-111hhrg51323",
        "CHRG-111shrg48311",
        "CHRG-111hhrg51253",
        "CHRG-111shrg49824",
        "CHRG-111shrg51825",
        "CHRG-111hhrg58152",
        "CHRG-111shrg54128",
        "CHRG-111shrg53676",
        "CHRG-111shrg62191",
        "CHRG-111hhrg63041",
        "CHRG-111hhrg56957",
        "CHRG-111hhrg65547",
        "CHRG-111hhrg52748",
        "CHRG-111hhrg52854",
        "CHRG-111shrg62690",
        "CHRG-111shrg62704",
        "CHRG-111hhrg57843",
        "CHRG-111hhrg54812",
        "CHRG-111hhrg62948",
        "CHRG-111hhrg48331",
        "CHRG-111shrg75442",
        "CHRG-111shrg61992",
        "CHRG-111shrg48687",
        "CHRG-111shrg56380",
        "CHRG-111hhrg52693",
        "CHRG-111shrg56263",
        "CHRG-111hhrg57250",
        "CHRG-111shrg65254",
        "CHRG-111shrg66272",
        "CHRG-111hhrg65132",
        "CHRG-111hhrg57789",
        "CHRG-111hhrg53802",
        "CHRG-111shrg56492",
        "CHRG-111shrg56571",
        "CHRG-111shrg61709",
        "CHRG-111hhrg55276",
        "CHRG-111shrg57214",
        "CHRG-111hhrg64925",
        "CHRG-111shrg65071",
        "CHRG-111shrg65006",
        "CHRG-111hhrg73749",
        "CHRG-111hhrg49955",
        "CHRG-111hhrg57172",
        "CHRG-111shrg55084",
        "CHRG-111shrg52749",
        "CHRG-111shrg58419",
        "CHRG-111hhrg58338",
        "CHRG-111shrg49780",
        "CHRG-111hhrg65554",
        "CHRG-111shrg63690",
        "CHRG-111hhrg48114",
        "CHRG-111hhrg58492",
        "CHRG-111hhrg56587",
        "CHRG-111shrg49840",
        "CHRG-111hhrg47259",
        "CHRG-111hhrg56159",
        "CHRG-111shrg48308",
        "CHRG-111hhrg55102",
        "CHRG-111shrg47852",
        "CHRG-111hhrg52316",
        "CHRG-111shrg48296",
        "CHRG-111shrg63233",
        "CHRG-111shrg48302",
        "CHRG-111shrg48648",
        "CHRG-111shrg53424",
        "CHRG-111hhrg64917",
        "CHRG-111shrg62667",
        "CHRG-111hhrg49000",
        "CHRG-111shrg55468",
        "CHRG-111hhrg58300",
        "CHRG-111shrg62717",
        "CHRG-111shrg61746",
        "CHRG-111hhrg50614",
        "CHRG-111shrg57766",
        "CHRG-111hhrg49983",
        "CHRG-111hhrg52847",
        "CHRG-111hhrg50224",
        "CHRG-111hhrg48328",
        "CHRG-111shrg53267",
        "CHRG-111shrg65247",
        "CHRG-111hhrg58439",
        "CHRG-111hhrg56421",
        "CHRG-111shrg76709",
        "CHRG-111hhrg57249",
        "CHRG-111hhrg54386",
        "CHRG-111shrg52925",
        "CHRG-111hhrg57790",
        "CHRG-111shrg55611",
        "CHRG-111hhrg50567",
        "CHRG-111hhrg65126",
        "CHRG-111hhrg65561",
        "CHRG-111shrg62159",
        "CHRG-111shrg54980",
        "CHRG-111hhrg52713",
        "CHRG-111hhrg51436",
        "CHRG-111shrg48829",
        "CHRG-111hhrg61800",
        "CHRG-111shrg54640",
        "CHRG-111hhrg52467",
        "CHRG-111shrg61631",
        "CHRG-111hhrg72879",
        "CHRG-111shrg55932",
        "CHRG-111shrg62357",
        "CHRG-111hhrg56725",
        "CHRG-111shrg53718",
        "CHRG-111shrg63679",
        "CHRG-111shrg54956",
        "CHRG-111hhrg65553",
        "CHRG-111hhrg57736",
        "CHRG-111shrg77844",
        "CHRG-111shrg49460",
        "CHRG-111shrg48305",
        "CHRG-111shrg52910",
        "CHRG-111shrg63234",
        "CHRG-111hhrg55535",
        "CHRG-111hhrg65559",
        "CHRG-111shrg54571",
        "CHRG-111shrg61779",
        "CHRG-111hhrg64922",
        "CHRG-111hhrg49952",
        "CHRG-111hhrg61935",
        "CHRG-111hhrg49496",
        "CHRG-111shrg52739",
        "CHRG-111hhrg58348",
        "CHRG-111shrg64224",
        "CHRG-111shrg62722",
        "CHRG-111hhrg64928",
        "CHRG-111hhrg54636",
        "CHRG-111shrg57495",
        "CHRG-111shrg54977",
        "CHRG-111shrg65253",
        "CHRG-111hhrg52607",
        "CHRG-111shrg66275",
        "CHRG-111shrg62594",
        "CHRG-111shrg49531",
        "CHRG-111hhrg55054",
        "CHRG-111shrg51547",
        "CHRG-111shrg53273",
        "CHRG-111shrg62344",
        "CHRG-111hhrg62945",
        "CHRG-111shrg50511",
        "CHRG-111hhrg72884",
        "CHRG-111shrg78036",
        "CHRG-111hhrg57949",
        "CHRG-111hhrg57487",
        "CHRG-111shrg53000",
        "CHRG-111shrg49742",
        "CHRG-111hhrg57844",
        "CHRG-111shrg61655",
        "CHRG-111shrg61622",
        "CHRG-111hhrg47866",
        "CHRG-111hhrg57059",
        "CHRG-111shrg53910",
        "CHRG-111shrg56084",
        "CHRG-111hhrg52597",
        "CHRG-111shrg58072",
        "CHRG-111hhrg54008",
        "CHRG-111hhrg55551",
        "CHRG-111shrg57544",
        "CHRG-111shrg55207",
        "CHRG-111shrg47121",
        "CHRG-111hhrg56820",
        "CHRG-111hhrg63136",
        "CHRG-111hhrg51324",
        "CHRG-111shrg57097",
        "CHRG-111hhrg57622",
        "CHRG-111shrg66693",
        "CHRG-111shrg57079",
        "CHRG-111hhrg52278",
        "CHRG-111shrg47582",
        "CHRG-111shrg52524",
        "CHRG-111hhrg54697",
        "CHRG-111shrg54022",
        "CHRG-111shrg54568",
        "CHRG-111shrg54945",
        "CHRG-111shrg63054",
        "CHRG-111shrg54356",
        "CHRG-111hhrg47034",
        "CHRG-111shrg50874",
        "CHRG-111hhrg57061",
        "CHRG-111hhrg65649",
        "CHRG-111shrg62206",
        "CHRG-111shrg54226",
        "CHRG-111shrg56845",
        "CHRG-111hhrg52851",
        "CHRG-111hhrg55765",
        "CHRG-111hhrg62947",
        "CHRG-111hhrg51899",
        "CHRG-111shrg54366",
        "CHRG-111hhrg56290",
        "CHRG-111hhrg67820",
        "CHRG-111shrg53008",
        "CHRG-111hhrg51110",
        "CHRG-111shrg55474",
        "CHRG-111shrg56802",
        "CHRG-111shrg53002",
        "CHRG-111hhrg51017",
        "CHRG-111hhrg57485",
        "CHRG-111shrg62792",
        "CHRG-111shrg57794",
        "CHRG-111hhrg49451",
        "CHRG-111shrg51435",
        "CHRG-111shrg65788",
        "CHRG-111hhrg56199",
        "CHRG-111hhrg55482",
        "CHRG-111shrg56266",
        "CHRG-111hhrg56984",
        "CHRG-111shrg56288",
        "CHRG-111shrg65251",
        "CHRG-111hhrg58458",
        "CHRG-111hhrg50821",
        "CHRG-111shrg52939",
        "CHRG-111shrg47760",
        "CHRG-111hhrg48646",
        "CHRG-111hhrg54578",
        "CHRG-111shrg52625",
        "CHRG-111hhrg49949",
        "CHRG-111hhrg74861",
        "CHRG-111shrg56050",
        "CHRG-111shrg57632",
        "CHRG-111shrg54614",
        "CHRG-111hhrg53788",
        "CHRG-111hhrg74098",
        "CHRG-111shrg61612",
        "CHRG-111hhrg65548",
        "CHRG-111hhrg63039",
        "CHRG-111hhrg57384",
        "CHRG-111hhrg47796",
        "CHRG-111hhrg73161",
        "CHRG-111shrg48314",
        "CHRG-111hhrg51326",
        "CHRG-111shrg55738",
        "CHRG-111shrg56619",
        "CHRG-111shrg49576",
        "CHRG-111shrg64136",
        "CHRG-111shrg63686",
        "CHRG-111hhrg54019",
        "CHRG-111shrg48406",
        "CHRG-111shrg56101",
        "CHRG-111hhrg47994",
        "CHRG-111hhrg56289",
        "CHRG-111shrg48041",
        "CHRG-111hhrg52158",
        "CHRG-111hhrg54553",
        "CHRG-111shrg56546",
        "CHRG-111shrg62718",
        "CHRG-111shrg76035",
        "CHRG-111hhrg64912",
        "CHRG-111shrg57223",
        "CHRG-111hhrg64918",
        "CHRG-111shrg56071",
        "CHRG-111shrg58087",
        "CHRG-111shrg75804",
        "CHRG-111hhrg49968",
        "CHRG-111hhrg51394",
        "CHRG-111hhrg54757",
        "CHRG-111hhrg65124",
        "CHRG-111shrg54885",
        "CHRG-111shrg65248",
        "CHRG-111hhrg54383",
        "CHRG-111hhrg52711",
        "CHRG-111hhrg53869",
        "CHRG-111shrg56645",
        "CHRG-111shrg54106",
        "CHRG-111shrg52594",
        "CHRG-111shrg62627",
        "CHRG-111shrg49716",
        "CHRG-111hhrg53678",
        "CHRG-111hhrg64920",
        "CHRG-111hhrg49593",
        "CHRG-111hhrg57094",
        "CHRG-111hhrg49950",
        "CHRG-111shrg53939",
        "CHRG-111shrg52392",
        "CHRG-111hhrg54021",
        "CHRG-111shrg56034",
        "CHRG-111shrg50986",
        "CHRG-111shrg53124",
        "CHRG-111shrg61706",
        "CHRG-111hhrg65551",
        "CHRG-111hhrg55967",
        "CHRG-111shrg48299",
        "CHRG-111hhrg58133",
        "CHRG-111shrg50298",
        "CHRG-111shrg61828",
        "CHRG-111shrg57181",
        "CHRG-111hhrg51348",
        "CHRG-111shrg63236",
        "CHRG-111shrg48293",
        "CHRG-111hhrg52313",
        "CHRG-111shrg49518",
        "CHRG-111hhrg55537",
        "CHRG-111shrg54509",
        "CHRG-111hhrg65556",
        "CHRG-111hhrg58490",
        "CHRG-111hhrg53146",
        "CHRG-111hhrg50807",
        "CHRG-111hhrg58134",
        "CHRG-111hhrg56021",
        "CHRG-111hhrg62291",
        "CHRG-111hhrg52314",
        "CHRG-111shrg61825",
        "CHRG-111hhrg52280",
        "CHRG-111hhrg55100",
        "CHRG-111hhrg57634",
        "CHRG-111hhrg53951",
        "CHRG-111hhrg56561",
        "CHRG-111shrg54959",
        "CHRG-111shrg53717",
        "CHRG-111hhrg64927",
        "CHRG-111hhrg58347",
        "CHRG-111shrg50178",
        "CHRG-111hhrg57170",
        "CHRG-111shrg62210",
        "CHRG-111shrg50432",
        "CHRG-111shrg46551",
        "CHRG-111shrg65073",
        "CHRG-111hhrg47412",
        "CHRG-111shrg75566",
        "CHRG-111shrg56033",
        "CHRG-111shrg55905",
        "CHRG-111shrg51617",
        "CHRG-111shrg53123",
        "CHRG-111hhrg65123",
        "CHRG-111shrg46710",
        "CHRG-111shrg56296",
        "CHRG-111hhrg47729",
        "CHRG-111shrg78780",
        "CHRG-111shrg53725",
        "CHRG-111hhrg53004",
        "CHRG-111shrg62156",
        "CHRG-111hhrg54384",
        "CHRG-111shrg50774",
        "CHRG-111hhrg53443",
        "CHRG-111shrg51901",
        "CHRG-111shrg52593",
        "CHRG-111hhrg65129",
        "CHRG-111hhrg50568",
        "CHRG-111shrg58013",
        "CHRG-111hhrg47993",
        "CHRG-111shrg55157",
        "CHRG-111hhrg54554",
        "CHRG-111hhrg64915",
        "CHRG-111shrg52779",
        "CHRG-111shrg79648",
        "CHRG-111hhrg50661",
        "CHRG-111shrg62715",
        "CHRG-111hhrg51543",
        "CHRG-111hhrg63144",
        "CHRG-111shrg54567",
        "CHRG-111shrg57982",
        "CHRG-111hhrg57383",
        "CHRG-111shrg48287",
        "CHRG-111shrg61561",
        "CHRG-111shrg52971",
        "CHRG-111shrg61836",
        "CHRG-111shrg51957",
        "CHRG-111hhrg58150",
        "CHRG-111hhrg55119",
        "CHRG-111hhrg63139",
        "CHRG-111hhrg61799",
        "CHRG-111hhrg65545",
        "CHRG-111hhrg53122",
        "CHRG-111hhrg49617",
        "CHRG-111hhrg74095",
        "CHRG-111hhrg62118",
        "CHRG-111shrg54353",
        "CHRG-111shrg52622",
        "CHRG-111shrg61686",
        "CHRG-111hhrg73752",
        "CHRG-111shrg58032",
        "CHRG-111shrg62644",
        "CHRG-111hhrg46729",
        "CHRG-111shrg51548",
        "CHRG-111shrg55677",
        "CHRG-111hhrg52608",
        "CHRG-111hhrg55461",
        "CHRG-111shrg64544",
        "CHRG-111hhrg47730",
        "CHRG-111shrg61559",
        "CHRG-111hhrg65130",
        "CHRG-111shrg75547",
        "CHRG-111hhrg74854",
        "CHRG-111hhrg49551",
        "CHRG-111hhrg56374",
        "CHRG-111shrg53175",
        "CHRG-111shrg62692",
        "CHRG-111shrg78149",
        "CHRG-111shrg62706",
        "CHRG-111shrg52760",
        "CHRG-111hhrg57561",
        "CHRG-111shrg67685",
        "CHRG-111shrg50464",
        "CHRG-111shrg53881",
        "CHRG-111shrg55049",
        "CHRG-111hhrg57126",
        "CHRG-111shrg49530",
        "CHRG-111hhrg51384",
        "CHRG-111shrg51546",
        "CHRG-111hhrg53019",
        "CHRG-111shrg66274",
        "CHRG-111shrg53635",
        "CHRG-111shrg48618",
        "CHRG-111hhrg52798",
        "CHRG-111shrg55243",
        "CHRG-111shrg53648",
        "CHRG-111shrg62141",
        "CHRG-111hhrg55842",
        "CHRG-111hhrg54637",
        "CHRG-111hhrg71613",
        "CHRG-111hhrg47867",
        "CHRG-111shrg55140",
        "CHRG-111hhrg49452",
        "CHRG-111shrg58190",
        "CHRG-111hhrg54009",
        "CHRG-111shrg53001",
        "CHRG-111hhrg57486",
        "CHRG-111shrg62791",
        "CHRG-111shrg55827",
        "CHRG-111shrg61623",
        "CHRG-111hhrg57128",
        "CHRG-111shrg62345",
        "CHRG-111shrg64643",
        "CHRG-111hhrg62944",
        "CHRG-111shrg50510",
        "CHRG-111hhrg61538",
        "CHRG-111shrg64135",
        "CHRG-111shrg49575",
        "CHRG-111hhrg54696",
        "CHRG-111hhrg58123",
        "CHRG-111shrg54023",
        "CHRG-111hhrg51325",
        "CHRG-111hhrg57623",
        "CHRG-111shrg48317",
        "CHRG-111hhrg50917",
        "CHRG-111hhrg52279",
        "CHRG-111shrg56689",
        "CHRG-111shrg57545",
        "CHRG-111shrg66336",
        "CHRG-111hhrg55807",
        "CHRG-111shrg54563",
        "CHRG-111hhrg63137",
        "CHRG-111hhrg63140",
        "CHRG-111hhrg56232",
        "CHRG-111shrg56564",
        "CHRG-111hhrg58350",
        "CHRG-111hhrg50290",
        "CHRG-111shrg47254",
        "CHRG-111shrg50875",
        "CHRG-111shrg56129",
        "CHRG-111hhrg50203",
        "CHRG-111hhrg57060",
        "CHRG-111hhrg48645",
        "CHRG-111shrg54357",
        "CHRG-111shrg52626",
        "CHRG-111hhrg47035",
        "CHRG-111shrg55432",
        "CHRG-111hhrg55313",
        "CHRG-111shrg65346",
        "CHRG-111hhrg52712",
        "CHRG-111shrg54965",
        "CHRG-111hhrg65560",
        "CHRG-111shrg62158",
        "CHRG-111hhrg46952",
        "CHRG-111shrg79818",
        "CHRG-111hhrg65127",
        "CHRG-111hhrg55031",
        "CHRG-111hhrg74843",
        "CHRG-111hhrg53643",
        "CHRG-111shrg63179",
        "CHRG-111shrg52799",
        "CHRG-111shrg49360",
        "CHRG-111shrg55124",
        "CHRG-111shrg76592",
        "CHRG-111shrg54641",
        "CHRG-111shrg56102",
        "CHRG-111shrg62160",
        "CHRG-111hhrg57277",
        "CHRG-111shrg56244",
        "CHRG-111shrg54570",
        "CHRG-111hhrg65558",
        "CHRG-111shrg49461",
        "CHRG-111shrg62993",
        "CHRG-111shrg63235",
        "CHRG-111shrg48290",
        "CHRG-111hhrg50973",
        "CHRG-111hhrg50809",
        "CHRG-111hhrg53572",
        "CHRG-111shrg56690",
        "CHRG-111shrg53780",
        "CHRG-111shrg63678",
        "CHRG-111hhrg56581",
        "CHRG-111hhrg52650",
        "CHRG-111hhrg65552",
        "CHRG-111hhrg58349",
        "CHRG-111hhrg64929",
        "CHRG-111hhrg57963",
        "CHRG-111shrg64225",
        "CHRG-111hhrg61934",
        "CHRG-111hhrg49497",
        "CHRG-111shrg58025",
        "CHRG-111hhrg51925",
        "CHRG-111hhrg57174",
        "CHRG-111hhrg49953",
        "CHRG-111hhrg57103",
        "CHRG-111shrg55116",
        "CHRG-111shrg48193",
        "CHRG-111shrg54243",
        "CHRG-111shrg49715",
        "CHRG-111hhrg64923",
        "CHRG-111shrg54239",
        "CHRG-111hhrg50650",
        "CHRG-111shrg55906",
        "CHRG-111shrg55426",
        "CHRG-111hhrg55293",
        "CHRG-111shrg48540",
        "CHRG-111shrg75565",
        "CHRG-111hhrg47411",
        "CHRG-111hhrg51928",
        "CHRG-111hhrg52890",
        "CHRG-111shrg65070",
        "CHRG-111hhrg49954",
        "CHRG-111hhrg57173",
        "CHRG-111shrg57728",
        "CHRG-111shrg61708",
        "CHRG-111shrg48194",
        "CHRG-111hhrg64924",
        "CHRG-111hhrg47718",
        "CHRG-111shrg62189",
        "CHRG-111hhrg76011",
        "CHRG-111hhrg55103",
        "CHRG-111hhrg55097",
        "CHRG-111hhrg50974",
        "CHRG-111shrg63232",
        "CHRG-111shrg55628",
        "CHRG-111hhrg53478",
        "CHRG-111hhrg47258",
        "CHRG-111hhrg56158",
        "CHRG-111shrg48390",
        "CHRG-111hhrg65555",
        "CHRG-111shrg54470",
        "CHRG-111hhrg58493",
        "CHRG-111shrg62351",
        "CHRG-111hhrg74844",
        "CHRG-111shrg47375",
        "CHRG-111hhrg48329",
        "CHRG-111shrg56196",
        "CHRG-111shrg62716",
        "CHRG-111shrg55463",
        "CHRG-111shrg63004",
        "CHRG-111hhrg64916",
        "CHRG-111hhrg49001",
        "CHRG-111hhrg50765",
        "CHRG-111hhrg54877",
        "CHRG-111hhrg56160",
        "CHRG-111shrg55784",
        "CHRG-111hhrg57791",
        "CHRG-111shrg78227",
        "CHRG-111shrg57124",
        "CHRG-111shrg55667",
        "CHRG-111hhrg47383",
        "CHRG-111shrg66720",
        "CHRG-111shrg54968",
        "CHRG-111hhrg54387",
        "CHRG-111shrg54986",
        "CHRG-111shrg54962",
        "CHRG-111hhrg56420",
        "CHRG-111shrg53621",
        "CHRG-111hhrg50649",
        "CHRG-111shrg56419",
        "CHRG-111hhrg54576",
        "CHRG-111shrg56563",
        "CHRG-111shrg51777",
        "CHRG-111hhrg52883",
        "CHRG-111shrg56124",
        "CHRG-111shrg47253",
        "CHRG-111shrg50872",
        "CHRG-111shrg78445",
        "CHRG-111hhrg47858",
        "CHRG-111shrg52621",
        "CHRG-111shrg61711",
        "CHRG-111hhrg55314",
        "CHRG-111hhrg57977",
        "CHRG-111shrg55538",
        "CHRG-111shrg62190",
        "CHRG-111shrg56320",
        "CHRG-111hhrg63037",
        "CHRG-111hhrg54238",
        "CHRG-111hhrg63040",
        "CHRG-111hhrg65546",
        "CHRG-111shrg49408",
        "CHRG-111hhrg51252",
        "CHRG-111shrg61586",
        "CHRG-111shrg54129",
        "CHRG-111shrg51474",
        "CHRG-111hhrg57624",
        "CHRG-111hhrg51322",
        "CHRG-111shrg48284",
        "CHRG-111shrg53693",
        "CHRG-111hhrg63147",
        "CHRG-111shrg54469",
        "CHRG-111shrg63688",
        "CHRG-111shrg50756",
        "CHRG-111shrg54564",
        "CHRG-111shrg53882",
        "CHRG-111shrg51302",
        "CHRG-111hhrg57125",
        "CHRG-111shrg54758",
        "CHRG-111hhrg54079",
        "CHRG-111hhrg57562",
        "CHRG-111hhrg54813",
        "CHRG-111shrg66817",
        "CHRG-111shrg62691",
        "CHRG-111hhrg72882",
        "CHRG-111shrg62705",
        "CHRG-111hhrg62943",
        "CHRG-111shrg64644",
        "CHRG-111hhrg74857",
        "CHRG-111hhrg48237",
        "CHRG-111shrg56088",
        "CHRG-111hhrg65133",
        "CHRG-111hhrg53803",
        "CHRG-111shrg54971",
        "CHRG-111shrg66273",
        "CHRG-111shrg54876",
        "CHRG-111shrg57827",
        "CHRG-111hhrg57251",
        "CHRG-111hhrg71614",
        "CHRG-111shrg55674"
    ],
    "112": [
        "CHRG-112shrg67779",
        "CHRG-112shrg67797",
        "CHRG-112hhrg64009",
        "CHRG-112shrg75018",
        "CHRG-112hhrg68218",
        "CHRG-112shrg72295",
        "CHRG-112hhrg68362",
        "CHRG-112shrg72398",
        "CHRG-112hhrg67581",
        "CHRG-112hhrg71821",
        "CHRG-112hhrg66293",
        "CHRG-112shrg76693",
        "CHRG-112hhrg73826",
        "CHRG-112hhrg67221",
        "CHRG-112hhrg65481",
        "CHRG-112shrg82626",
        "CHRG-112shrg72333",
        "CHRG-112hhrg71963",
        "CHRG-112hhrg70682",
        "CHRG-112shrg71628",
        "CHRG-112hhrg70666",
        "CHRG-112shrg74296",
        "CHRG-112hhrg79847",
        "CHRG-112hhrg71079",
        "CHRG-112shrg87599",
        "CHRG-112shrg66580",
        "CHRG-112hhrg68220",
        "CHRG-112hhrg67450",
        "CHRG-112hhrg71987",
        "CHRG-112shrg75020",
        "CHRG-112hhrg71969",
        "CHRG-112shrg71212",
        "CHRG-112hhrg75148",
        "CHRG-112hhrg73534",
        "CHRG-112shrg72850",
        "CHRG-112shrg79855",
        "CHRG-112hhrg73104",
        "CHRG-112shrg85477",
        "CHRG-112hhrg71740",
        "CHRG-112hhrg75572",
        "CHRG-112hhrg75852",
        "CHRG-112hhrg67369",
        "CHRG-112hhrg73444",
        "CHRG-112shrg88103",
        "CHRG-112hhrg70518",
        "CHRG-112shrg77372",
        "CHRG-112hhrg73616",
        "CHRG-112shrg75911",
        "CHRG-112shrg68084",
        "CHRG-112hhrg76706",
        "CHRG-112shrg68557",
        "CHRG-112shrg70995",
        "CHRG-112hhrg71415",
        "CHRG-112hhrg64729",
        "CHRG-112hhrg77210",
        "CHRG-112shrg80866",
        "CHRG-112shrg76613",
        "CHRG-112shrg72456",
        "CHRG-112hhrg65851",
        "CHRG-112shrg87752",
        "CHRG-112hhrg72270",
        "CHRG-112shrg76714",
        "CHRG-112shrg81714",
        "CHRG-112shrg73918",
        "CHRG-112shrg67362",
        "CHRG-112shrg65421",
        "CHRG-112hhrg70675",
        "CHRG-112shrg71631",
        "CHRG-112shrg75853",
        "CHRG-112hhrg67174",
        "CHRG-112hhrg66221",
        "CHRG-112hhrg67394",
        "CHRG-112shrg67801",
        "CHRG-112shrg68326",
        "CHRG-112hhrg66565",
        "CHRG-112shrg65652",
        "CHRG-112shrg78274",
        "CHRG-112hhrg71264",
        "CHRG-112shrg67892",
        "CHRG-112hhrg67370",
        "CHRG-112shrg64594",
        "CHRG-112hhrg70821",
        "CHRG-112shrg68221",
        "CHRG-112hhrg73450",
        "CHRG-112hhrg65449",
        "CHRG-112hhrg67393",
        "CHRG-112hhrg68047",
        "CHRG-112hhrg73167",
        "CHRG-112shrg78273",
        "CHRG-112shrg70660",
        "CHRG-112shrg72564",
        "CHRG-112shrg66957",
        "CHRG-112hhrg73369",
        "CHRG-112shrg76896",
        "CHRG-112shrg64609",
        "CHRG-112hhrg65737",
        "CHRG-112shrg71636",
        "CHRG-112shrg64603",
        "CHRG-112hhrg70678",
        "CHRG-112hhrg67173",
        "CHRG-112shrg75823",
        "CHRG-112hhrg75665",
        "CHRG-112shrg87268",
        "CHRG-112hhrg68445",
        "CHRG-112hhrg76148",
        "CHRG-112shrg76687",
        "CHRG-112hhrg67345",
        "CHRG-112shrg72188",
        "CHRG-112hhrg66184",
        "CHRG-112hhrg71616",
        "CHRG-112shrg77375",
        "CHRG-112shrg68083",
        "CHRG-112hhrg72103",
        "CHRG-112shrg81489",
        "CHRG-112shrg70551",
        "CHRG-112shrg67227",
        "CHRG-112hhrg64899",
        "CHRG-112hhrg72914",
        "CHRG-112shrg89543",
        "CHRG-112shrg68089",
        "CHRG-112hhrg65450",
        "CHRG-112hhrg73449",
        "CHRG-112hhrg73987",
        "CHRG-112hhrg70515",
        "CHRG-112shrg68242",
        "CHRG-112hhrg73103",
        "CHRG-112shrg79852",
        "CHRG-112hhrg73190",
        "CHRG-112shrg76272",
        "CHRG-112hhrg71399",
        "CHRG-112hhrg71294",
        "CHRG-112shrg72950",
        "CHRG-112hhrg70586",
        "CHRG-112shrg70920",
        "CHRG-112shrg72334",
        "CHRG-112shrg79798",
        "CHRG-112shrg73971",
        "CHRG-112hhrg71964",
        "CHRG-112shrg66124",
        "CHRG-112shrg76541",
        "CHRG-112shrg87493",
        "CHRG-112shrg75417",
        "CHRG-112shrg71625",
        "CHRG-112hhrg74063",
        "CHRG-112hhrg73277",
        "CHRG-112hhrg71980",
        "CHRG-112shrg76330",
        "CHRG-112shrg66755",
        "CHRG-112hhrg65052",
        "CHRG-112shrg76694",
        "CHRG-112shrg75751",
        "CHRG-112hhrg65518",
        "CHRG-112shrg93182",
        "CHRG-112hhrg66919",
        "CHRG-112shrg72435",
        "CHRG-112hhrg65845",
        "CHRG-112hhrg73471",
        "CHRG-112hhrg76482",
        "CHRG-112shrg74503",
        "CHRG-112shrg73934",
        "CHRG-112hhrg68365",
        "CHRG-112hhrg67568",
        "CHRG-112shrg81923",
        "CHRG-112shrg75118",
        "CHRG-112shrg72395",
        "CHRG-112hhrg72800",
        "CHRG-112hhrg68215",
        "CHRG-112hhrg75290",
        "CHRG-112hhrg75304",
        "CHRG-112shrg75808",
        "CHRG-112shrg94198",
        "CHRG-112shrg68090",
        "CHRG-112hhrg73858",
        "CHRG-112hhrg67255",
        "CHRG-112hhrg67222",
        "CHRG-112hhrg65482",
        "CHRG-112hhrg72284",
        "CHRG-112hhrg73825",
        "CHRG-112shrg76690",
        "CHRG-112hhrg70523",
        "CHRG-112hhrg70554",
        "CHRG-112hhrg67618",
        "CHRG-112hhrg72804",
        "CHRG-112shrg72308",
        "CHRG-112shrg72391",
        "CHRG-112hhrg67582",
        "CHRG-112hhrg71822",
        "CHRG-112shrg72302",
        "CHRG-112hhrg74028",
        "CHRG-112hhrg68361",
        "CHRG-112shrg75116",
        "CHRG-112hhrg67566",
        "CHRG-112hhrg71035",
        "CHRG-112shrg72923",
        "CHRG-112hhrg73447",
        "CHRG-112hhrg67384",
        "CHRG-112shrg67888",
        "CHRG-112shrg92205",
        "CHRG-112shrg74981",
        "CHRG-112hhrg75571",
        "CHRG-112hhrg67620",
        "CHRG-112hhrg75851",
        "CHRG-112hhrg66828",
        "CHRG-112hhrg71984",
        "CHRG-112shrg75023",
        "CHRG-112hhrg71530",
        "CHRG-112shrg71211",
        "CHRG-112hhrg65720",
        "CHRG-112shrg76538",
        "CHRG-112shrg88373",
        "CHRG-112shrg75843",
        "CHRG-112shrg76532",
        "CHRG-112hhrg70681",
        "CHRG-112shrg72694",
        "CHRG-112hhrg76369",
        "CHRG-112hhrg75420",
        "CHRG-112shrg79800",
        "CHRG-112shrg76350",
        "CHRG-112shrg71959",
        "CHRG-112hhrg66529",
        "CHRG-112hhrg75160",
        "CHRG-112hhrg70883",
        "CHRG-112shrg80812",
        "CHRG-112shrg76689",
        "CHRG-112shrg72455",
        "CHRG-112shrg75271",
        "CHRG-112shrg68180",
        "CHRG-112hhrg67048",
        "CHRG-112shrg72311",
        "CHRG-112shrg66811",
        "CHRG-112shrg73923",
        "CHRG-112shrg87118",
        "CHRG-112hhrg71416",
        "CHRG-112shrg68087",
        "CHRG-112shrg76519",
        "CHRG-112hhrg73615",
        "CHRG-112shrg72483",
        "CHRG-112shrg64597",
        "CHRG-112shrg68222",
        "CHRG-112hhrg70822",
        "CHRG-112shrg67891",
        "CHRG-112shrg67905",
        "CHRG-112hhrg65447",
        "CHRG-112shrg78277",
        "CHRG-112hhrg68049",
        "CHRG-112hhrg73163",
        "CHRG-112hhrg65194",
        "CHRG-112hhrg68043",
        "CHRG-112hhrg72798",
        "CHRG-112shrg68325",
        "CHRG-112shrg67802",
        "CHRG-112hhrg77845",
        "CHRG-112hhrg65643",
        "CHRG-112hhrg74439",
        "CHRG-112shrg76898",
        "CHRG-112shrg72764",
        "CHRG-112shrg71632",
        "CHRG-112hhrg70676",
        "CHRG-112shrg80704",
        "CHRG-112shrg76906",
        "CHRG-112hhrg65303",
        "CHRG-112shrg71378",
        "CHRG-112shrg68485",
        "CHRG-112shrg73916",
        "CHRG-112shrg66824",
        "CHRG-112hhrg68347",
        "CHRG-112shrg75820",
        "CHRG-112hhrg65644",
        "CHRG-112hhrg74969",
        "CHRG-112shrg64600",
        "CHRG-112hhrg71080",
        "CHRG-112shrg71635",
        "CHRG-112hhrg74004",
        "CHRG-112shrg66579",
        "CHRG-112shrg68225",
        "CHRG-112hhrg70928",
        "CHRG-112hhrg67303",
        "CHRG-112hhrg72698",
        "CHRG-112hhrg74370",
        "CHRG-112hhrg73164",
        "CHRG-112hhrg76980",
        "CHRG-112hhrg68044",
        "CHRG-112shrg72460",
        "CHRG-112shrg70975",
        "CHRG-112shrg73924",
        "CHRG-112hhrg74036",
        "CHRG-112hhrg67578",
        "CHRG-112shrg67764",
        "CHRG-112hhrg73612",
        "CHRG-112hhrg71615",
        "CHRG-112hhrg64727",
        "CHRG-112hhrg65478",
        "CHRG-112hhrg65496",
        "CHRG-112hhrg73941",
        "CHRG-112shrg79457",
        "CHRG-112hhrg65048",
        "CHRG-112hhrg65360",
        "CHRG-112hhrg71983",
        "CHRG-112shrg71626",
        "CHRG-112hhrg70662",
        "CHRG-112hhrg71099",
        "CHRG-112shrg87579",
        "CHRG-112hhrg71077",
        "CHRG-112shrg76542",
        "CHRG-112hhrg71967",
        "CHRG-112hhrg71989",
        "CHRG-112shrg72337",
        "CHRG-112hhrg72582",
        "CHRG-112shrg64484",
        "CHRG-112hhrg67383",
        "CHRG-112hhrg71297",
        "CHRG-112hhrg66135",
        "CHRG-112shrg76271",
        "CHRG-112hhrg76977",
        "CHRG-112hhrg67720",
        "CHRG-112hhrg71739",
        "CHRG-112hhrg70516",
        "CHRG-112shrg68241",
        "CHRG-112hhrg67367",
        "CHRG-112hhrg64007",
        "CHRG-112hhrg77444",
        "CHRG-112shrg67799",
        "CHRG-112shrg67694",
        "CHRG-112shrg66455",
        "CHRG-112hhrg68216",
        "CHRG-112hhrg72803",
        "CHRG-112hhrg66309",
        "CHRG-112shrg72305",
        "CHRG-112shrg71354",
        "CHRG-112shrg64621",
        "CHRG-112shrg86584",
        "CHRG-112shrg77161",
        "CHRG-112hhrg72283",
        "CHRG-112shrg72436",
        "CHRG-112hhrg67258",
        "CHRG-112hhrg70524",
        "CHRG-112shrg76697",
        "CHRG-112shrg77421",
        "CHRG-112shrg93425",
        "CHRG-112hhrg65051",
        "CHRG-112shrg78226",
        "CHRG-112hhrg71295",
        "CHRG-112shrg75786",
        "CHRG-112shrg67863",
        "CHRG-112shrg67090",
        "CHRG-112hhrg64797",
        "CHRG-112shrg74867",
        "CHRG-112shrg90814",
        "CHRG-112shrg88965",
        "CHRG-112hhrg73532",
        "CHRG-112hhrg67268",
        "CHRG-112shrg67887",
        "CHRG-112hhrg73986",
        "CHRG-112hhrg73448",
        "CHRG-112hhrg67286",
        "CHRG-112hhrg67365",
        "CHRG-112hhrg65451",
        "CHRG-112hhrg66920",
        "CHRG-112shrg82228",
        "CHRG-112hhrg68481",
        "CHRG-112shrg73877",
        "CHRG-112hhrg71981",
        "CHRG-112shrg67300",
        "CHRG-112shrg66125",
        "CHRG-112shrg76540",
        "CHRG-112shrg72335",
        "CHRG-112shrg79799",
        "CHRG-112shrg73970",
        "CHRG-112hhrg71965",
        "CHRG-112hhrg66918",
        "CHRG-112shrg64994",
        "CHRG-112shrg72434",
        "CHRG-112hhrg76150",
        "CHRG-112hhrg73470",
        "CHRG-112hhrg70526",
        "CHRG-112shrg76695",
        "CHRG-112hhrg71234",
        "CHRG-112shrg75750",
        "CHRG-112hhrg73857",
        "CHRG-112hhrg76467",
        "CHRG-112shrg66754",
        "CHRG-112shrg71661",
        "CHRG-112shrg75809",
        "CHRG-112hhrg75291",
        "CHRG-112hhrg74027",
        "CHRG-112shrg72394",
        "CHRG-112shrg70919",
        "CHRG-112hhrg72801",
        "CHRG-112shrg68432",
        "CHRG-112hhrg68364",
        "CHRG-112shrg78020",
        "CHRG-112hhrg73801",
        "CHRG-112hhrg74638",
        "CHRG-112shrg80955",
        "CHRG-112hhrg73166",
        "CHRG-112shrg86919",
        "CHRG-112shrg78272",
        "CHRG-112shrg70661",
        "CHRG-112hhrg74396",
        "CHRG-112shrg74979",
        "CHRG-112hhrg68046",
        "CHRG-112hhrg73451",
        "CHRG-112shrg72462",
        "CHRG-112shrg66492",
        "CHRG-112shrg71377",
        "CHRG-112shrg79764",
        "CHRG-112shrg73914",
        "CHRG-112hhrg70679",
        "CHRG-112shrg75822",
        "CHRG-112shrg75478",
        "CHRG-112hhrg67172",
        "CHRG-112shrg76897",
        "CHRG-112hhrg65736",
        "CHRG-112shrg85221",
        "CHRG-112hhrg64943",
        "CHRG-112hhrg64725",
        "CHRG-112hhrg66185",
        "CHRG-112hhrg74337",
        "CHRG-112hhrg76149",
        "CHRG-112shrg76686",
        "CHRG-112hhrg66806",
        "CHRG-112hhrg65797",
        "CHRG-112shrg68088",
        "CHRG-112shrg73592",
        "CHRG-112hhrg75656",
        "CHRG-112shrg81482",
        "CHRG-112shrg81841",
        "CHRG-112shrg67226",
        "CHRG-112shrg72314",
        "CHRG-112hhrg72915",
        "CHRG-112hhrg67499",
        "CHRG-112hhrg72812",
        "CHRG-112hhrg67047",
        "CHRG-112shrg77374",
        "CHRG-112shrg73921",
        "CHRG-112hhrg73617",
        "CHRG-112shrg77373",
        "CHRG-112shrg88350",
        "CHRG-112shrg68085",
        "CHRG-112hhrg66892",
        "CHRG-112hhrg73939",
        "CHRG-112shrg72894",
        "CHRG-112shrg76612",
        "CHRG-112hhrg65493",
        "CHRG-112hhrg64728",
        "CHRG-112hhrg77211",
        "CHRG-112shrg73913",
        "CHRG-112hhrg67175",
        "CHRG-112shrg74310",
        "CHRG-112shrg76453",
        "CHRG-112shrg71630",
        "CHRG-112shrg72251",
        "CHRG-112shrg73919",
        "CHRG-112shrg67893",
        "CHRG-112hhrg67371",
        "CHRG-112hhrg65445",
        "CHRG-112hhrg70820",
        "CHRG-112shrg72842",
        "CHRG-112shrg78275",
        "CHRG-112hhrg72790",
        "CHRG-112shrg74903",
        "CHRG-112hhrg72697",
        "CHRG-112hhrg67298",
        "CHRG-112shrg67800",
        "CHRG-112shrg74080",
        "CHRG-112shrg91970",
        "CHRG-112hhrg75375",
        "CHRG-112hhrg67580",
        "CHRG-112hhrg71820",
        "CHRG-112shrg72393",
        "CHRG-112shrg75019",
        "CHRG-112hhrg68219",
        "CHRG-112shrg72399",
        "CHRG-112hhrg68363",
        "CHRG-112hhrg64008",
        "CHRG-112shrg64653",
        "CHRG-112shrg76246",
        "CHRG-112hhrg67667",
        "CHRG-112shrg71128",
        "CHRG-112shrg72433",
        "CHRG-112shrg76698",
        "CHRG-112hhrg67257",
        "CHRG-112hhrg65480",
        "CHRG-112shrg68395",
        "CHRG-112shrg76692",
        "CHRG-112hhrg65569",
        "CHRG-112hhrg71986",
        "CHRG-112hhrg71968",
        "CHRG-112shrg75021",
        "CHRG-112hhrg71078",
        "CHRG-112hhrg65722",
        "CHRG-112shrg74273",
        "CHRG-112shrg72702",
        "CHRG-112shrg76530",
        "CHRG-112shrg71629",
        "CHRG-112shrg72332",
        "CHRG-112hhrg71962",
        "CHRG-112hhrg73445",
        "CHRG-112shrg67864",
        "CHRG-112hhrg67368",
        "CHRG-112hhrg70519",
        "CHRG-112shrg77485",
        "CHRG-112hhrg76978",
        "CHRG-112shrg74537",
        "CHRG-112hhrg71298",
        "CHRG-112hhrg73535",
        "CHRG-112hhrg71966",
        "CHRG-112shrg73904",
        "CHRG-112hhrg71988",
        "CHRG-112shrg72336",
        "CHRG-112hhrg71098",
        "CHRG-112shrg87578",
        "CHRG-112hhrg71076",
        "CHRG-112shrg64612",
        "CHRG-112shrg66126",
        "CHRG-112shrg76543",
        "CHRG-112shrg71627",
        "CHRG-112hhrg67065",
        "CHRG-112shrg72795",
        "CHRG-112shrg64618",
        "CHRG-112hhrg71982",
        "CHRG-112hhrg74061",
        "CHRG-112shrg82326",
        "CHRG-112hhrg70517",
        "CHRG-112hhrg66403",
        "CHRG-112hhrg68482",
        "CHRG-112shrg68240",
        "CHRG-112hhrg74628",
        "CHRG-112hhrg73531",
        "CHRG-112hhrg67366",
        "CHRG-112hhrg65452",
        "CHRG-112hhrg67285",
        "CHRG-112shrg76377",
        "CHRG-112shrg88431",
        "CHRG-112hhrg74218",
        "CHRG-112hhrg71738",
        "CHRG-112hhrg67721",
        "CHRG-112shrg70701",
        "CHRG-112hhrg75857",
        "CHRG-112shrg64588",
        "CHRG-112hhrg71296",
        "CHRG-112hhrg79894",
        "CHRG-112shrg87884",
        "CHRG-112shrg74602",
        "CHRG-112hhrg66308",
        "CHRG-112shrg72397",
        "CHRG-112hhrg72802",
        "CHRG-112hhrg68217",
        "CHRG-112shrg65828",
        "CHRG-112shrg67798",
        "CHRG-112shrg76696",
        "CHRG-112hhrg70525",
        "CHRG-112shrg76678",
        "CHRG-112hhrg65484",
        "CHRG-112shrg77160",
        "CHRG-112hhrg80206",
        "CHRG-112hhrg72282",
        "CHRG-112shrg93803",
        "CHRG-112hhrg67719",
        "CHRG-112hhrg76480",
        "CHRG-112shrg66578",
        "CHRG-112hhrg72574",
        "CHRG-112hhrg65735",
        "CHRG-112shrg87561",
        "CHRG-112hhrg65645",
        "CHRG-112shrg91572",
        "CHRG-112shrg73917",
        "CHRG-112hhrg65396",
        "CHRG-112shrg76160",
        "CHRG-112hhrg68346",
        "CHRG-112shrg72461",
        "CHRG-112hhrg68045",
        "CHRG-112hhrg67642",
        "CHRG-112hhrg72699",
        "CHRG-112shrg78271",
        "CHRG-112hhrg73165",
        "CHRG-112shrg68224",
        "CHRG-112shrg64591",
        "CHRG-112hhrg67302",
        "CHRG-112hhrg74470",
        "CHRG-112hhrg73613",
        "CHRG-112shrg75443",
        "CHRG-112hhrg72811",
        "CHRG-112shrg88669",
        "CHRG-112hhrg74040",
        "CHRG-112hhrg74037",
        "CHRG-112shrg72317",
        "CHRG-112hhrg75655",
        "CHRG-112shrg88253",
        "CHRG-112hhrg65049",
        "CHRG-112shrg75277",
        "CHRG-112hhrg65479",
        "CHRG-112shrg80814",
        "CHRG-112shrg72459",
        "CHRG-112shrg72523",
        "CHRG-112shrg76685",
        "CHRG-112shrg81788",
        "CHRG-112hhrg73120",
        "CHRG-112shrg75307",
        "CHRG-112hhrg64726",
        "CHRG-112shrg86408",
        "CHRG-112shrg87317",
        "CHRG-112hhrg74234",
        "CHRG-112shrg73346",
        "CHRG-112shrg80813",
        "CHRG-112shrg76688",
        "CHRG-112hhrg76147",
        "CHRG-112shrg73236",
        "CHRG-112hhrg66528",
        "CHRG-112shrg72524",
        "CHRG-112hhrg66808",
        "CHRG-112shrg79801",
        "CHRG-112shrg80073",
        "CHRG-112shrg74932",
        "CHRG-112shrg76518",
        "CHRG-112shrg68086",
        "CHRG-112shrg75444",
        "CHRG-112hhrg73614",
        "CHRG-112shrg73922",
        "CHRG-112hhrg65793",
        "CHRG-112hhrg67049",
        "CHRG-112hhrg72799",
        "CHRG-112hhrg68042",
        "CHRG-112shrg80146",
        "CHRG-112hhrg75419",
        "CHRG-112hhrg68048",
        "CHRG-112hhrg73162",
        "CHRG-112hhrg75849",
        "CHRG-112shrg93596",
        "CHRG-112shrg74184",
        "CHRG-112shrg68223",
        "CHRG-112shrg67890",
        "CHRG-112hhrg65446",
        "CHRG-112hhrg72573",
        "CHRG-112hhrg70677",
        "CHRG-112hhrg65738",
        "CHRG-112hhrg74862",
        "CHRG-112shrg64606",
        "CHRG-112shrg76899",
        "CHRG-112hhrg77059",
        "CHRG-112shrg67289",
        "CHRG-112shrg86743",
        "CHRG-112hhrg67619",
        "CHRG-112hhrg70555",
        "CHRG-112shrg74046",
        "CHRG-112hhrg70522",
        "CHRG-112shrg76691",
        "CHRG-112hhrg65483",
        "CHRG-112shrg93804",
        "CHRG-112hhrg75438",
        "CHRG-112shrg76232",
        "CHRG-112shrg76131",
        "CHRG-112shrg68441",
        "CHRG-112hhrg74029",
        "CHRG-112shrg75117",
        "CHRG-112hhrg67567",
        "CHRG-112hhrg64431",
        "CHRG-112hhrg75376",
        "CHRG-112hhrg68156",
        "CHRG-112shrg65733",
        "CHRG-112shrg73757",
        "CHRG-112hhrg75850",
        "CHRG-112shrg72955",
        "CHRG-112shrg81200",
        "CHRG-112hhrg73446",
        "CHRG-112shrg67889",
        "CHRG-112hhrg67385",
        "CHRG-112shrg67530",
        "CHRG-112shrg73903",
        "CHRG-112shrg73974",
        "CHRG-112shrg67633",
        "CHRG-112shrg75418",
        "CHRG-112shrg76533",
        "CHRG-112shrg64615",
        "CHRG-112hhrg67062",
        "CHRG-112hhrg65721",
        "CHRG-112hhrg71101",
        "CHRG-112shrg76539",
        "CHRG-112hhrg71985",
        "CHRG-112shrg67290",
        "CHRG-112shrg75022",
        "CHRG-112hhrg71531",
        "CHRG-112shrg79797"
    ],
    "113": [
        "CHRG-113shrg93467",
        "CHRG-113hhrg80772",
        "CHRG-113hhrg81427",
        "CHRG-113shrg89786",
        "CHRG-113hhrg80348",
        "CHRG-113shrg91223",
        "CHRG-113shrg86425",
        "CHRG-113shrg96040",
        "CHRG-113shrg78060",
        "CHRG-113shrg82563",
        "CHRG-113hhrg80576",
        "CHRG-113shrg93719",
        "CHRG-113hhrg85056",
        "CHRG-113hhrg85021",
        "CHRG-113hhrg81369",
        "CHRG-113shrg88639",
        "CHRG-113hhrg89707",
        "CHRG-113hhrg88353",
        "CHRG-113hhrg86692",
        "CHRG-113shrg91555",
        "CHRG-113shrg86353",
        "CHRG-113hhrg86925",
        "CHRG-113hhrg85553",
        "CHRG-113hhrg91485",
        "CHRG-113shrg93033",
        "CHRG-113hhrg87048",
        "CHRG-113shrg87254",
        "CHRG-113shrg87359",
        "CHRG-113hhrg87855",
        "CHRG-113hhrg78265",
        "CHRG-113hhrg82685",
        "CHRG-113hhrg88916",
        "CHRG-113shrg94843",
        "CHRG-113shrg91139",
        "CHRG-113hhrg81370",
        "CHRG-113hhrg87698",
        "CHRG-113hhrg79950",
        "CHRG-113shrg89575",
        "CHRG-113shrg91479",
        "CHRG-113shrg80175",
        "CHRG-113shrg88026",
        "CHRG-113shrg89639",
        "CHRG-113shrg91192",
        "CHRG-113hhrg86846",
        "CHRG-113shrg91101",
        "CHRG-113shrg81469",
        "CHRG-113shrg86707",
        "CHRG-113shrg85288",
        "CHRG-113hhrg81678",
        "CHRG-113hhrg81696",
        "CHRG-113shrg78506",
        "CHRG-113shrg92937",
        "CHRG-113hhrg86585",
        "CHRG-113shrg86347",
        "CHRG-113shrg97957",
        "CHRG-113shrg86777",
        "CHRG-113hhrg80550",
        "CHRG-113shrg86149",
        "CHRG-113shrg93176",
        "CHRG-113hhrg85639",
        "CHRG-113hhrg21115",
        "CHRG-113shrg22618",
        "CHRG-113shrg91296",
        "CHRG-113shrg85875",
        "CHRG-113hhrg80287",
        "CHRG-113hhrg85644",
        "CHRG-113shrg91859",
        "CHRG-113shrg85769",
        "CHRG-113hhrg86013",
        "CHRG-113shrg81526",
        "CHRG-113hhrg87701",
        "CHRG-113shrg91143",
        "CHRG-113shrg92458",
        "CHRG-113hhrg78456",
        "CHRG-113hhrg82845",
        "CHRG-113shrg94350",
        "CHRG-113shrg95102",
        "CHRG-113shrg86861",
        "CHRG-113shrg89804",
        "CHRG-113hhrg79895",
        "CHRG-113shrg87988",
        "CHRG-113shrg93288",
        "CHRG-113shrg86354",
        "CHRG-113shrg23750",
        "CHRG-113shrg91168",
        "CHRG-113shrg85632",
        "CHRG-113shrg90799",
        "CHRG-113shrg86780",
        "CHRG-113hhrg82819",
        "CHRG-113shrg86150",
        "CHRG-113shrg86489",
        "CHRG-113hhrg78920",
        "CHRG-113shrg89383",
        "CHRG-113hhrg82544",
        "CHRG-113hhrg80207",
        "CHRG-113hhrg93958",
        "CHRG-113hhrg82232",
        "CHRG-113shrg79791",
        "CHRG-113shrg82760",
        "CHRG-113hhrg88388",
        "CHRG-113shrg81301",
        "CHRG-113shrg93027",
        "CHRG-113shrg87777",
        "CHRG-113shrg92748",
        "CHRG-113shrg93484",
        "CHRG-113shrg25450",
        "CHRG-113hhrg86279",
        "CHRG-113hhrg82146",
        "CHRG-113shrg91934",
        "CHRG-113shrg94134",
        "CHRG-113shrg78069",
        "CHRG-113hhrg85022",
        "CHRG-113hhrg86539",
        "CHRG-113hhrg88386",
        "CHRG-113shrg86451",
        "CHRG-113shrg82719",
        "CHRG-113shrg95186",
        "CHRG-113hhrg81809",
        "CHRG-113shrg86876",
        "CHRG-113shrg93413",
        "CHRG-113hhrg80437",
        "CHRG-113shrg93658",
        "CHRG-113shrg81473",
        "CHRG-113hhrg91293",
        "CHRG-113hhrg79555",
        "CHRG-113hhrg85550",
        "CHRG-113shrg86350",
        "CHRG-113hhrg85900",
        "CHRG-113shrg91556",
        "CHRG-113hhrg82309",
        "CHRG-113shrg91188",
        "CHRG-113shrg81959",
        "CHRG-113shrg93625",
        "CHRG-113hhrg89812",
        "CHRG-113hhrg79621",
        "CHRG-113shrg87580",
        "CHRG-113shrg86306",
        "CHRG-113hhrg88108",
        "CHRG-113hhrg88818",
        "CHRG-113shrg86865",
        "CHRG-113shrg79588",
        "CHRG-113shrg93030",
        "CHRG-113shrg88084",
        "CHRG-113hhrg81810",
        "CHRG-113shrg90995",
        "CHRG-113shrg78042",
        "CHRG-113hhrg82217",
        "CHRG-113shrg93641",
        "CHRG-113shrg91175",
        "CHRG-113hhrg87737",
        "CHRG-113shrg86343",
        "CHRG-113hhrg81676",
        "CHRG-113shrg86349",
        "CHRG-113hhrg88927",
        "CHRG-113hhrg86845",
        "CHRG-113shrg94805",
        "CHRG-113shrg86779",
        "CHRG-113shrg91191",
        "CHRG-113shrg86147",
        "CHRG-113shrg87212",
        "CHRG-113shrg80071",
        "CHRG-113hhrg88239",
        "CHRG-113hhrg87963",
        "CHRG-113shrg93918",
        "CHRG-113hhrg85300",
        "CHRG-113shrg91298",
        "CHRG-113shrg90949",
        "CHRG-113shrg24284",
        "CHRG-113shrg82642",
        "CHRG-113hhrg79735",
        "CHRG-113hhrg88674",
        "CHRG-113shrg88122",
        "CHRG-113hhrg81148",
        "CHRG-113shrg87215",
        "CHRG-113hhrg92592",
        "CHRG-113hhrg87433",
        "CHRG-113hhrg87964",
        "CHRG-113shrg22611",
        "CHRG-113shrg89640",
        "CHRG-113hhrg81825",
        "CHRG-113shrg93175",
        "CHRG-113shrg94361",
        "CHRG-113shrg86774",
        "CHRG-113shrg85628",
        "CHRG-113hhrg86586",
        "CHRG-113shrg78922",
        "CHRG-113shrg24459",
        "CHRG-113hhrg81695",
        "CHRG-113shrg86862",
        "CHRG-113shrg90895",
        "CHRG-113shrg88999",
        "CHRG-113shrg87250",
        "CHRG-113shrg88083",
        "CHRG-113hhrg87702",
        "CHRG-113shrg91137",
        "CHRG-113shrg91140",
        "CHRG-113hhrg88105",
        "CHRG-113shrg95460",
        "CHRG-113shrg93521",
        "CHRG-113hhrg81151",
        "CHRG-113shrg91318",
        "CHRG-113shrg93801",
        "CHRG-113shrg86153",
        "CHRG-113shrg96982",
        "CHRG-113shrg81474",
        "CHRG-113shrg85631",
        "CHRG-113hhrg80194",
        "CHRG-113hhrg85899",
        "CHRG-113hhrg79896",
        "CHRG-113hhrg87287",
        "CHRG-113shrg24007",
        "CHRG-113shrg86710",
        "CHRG-113shrg87178",
        "CHRG-113shrg90862",
        "CHRG-113shrg82613",
        "CHRG-113shrg87249",
        "CHRG-113shrg85407",
        "CHRG-113shrg25453",
        "CHRG-113shrg94340",
        "CHRG-113shrg95891",
        "CHRG-113shrg80930",
        "CHRG-113shrg89711",
        "CHRG-113shrg81302",
        "CHRG-113hhrg89594",
        "CHRG-113shrg87339",
        "CHRG-113shrg94133",
        "CHRG-113hhrg86439",
        "CHRG-113hhrg80475",
        "CHRG-113hhrg80578",
        "CHRG-113hhrg81260",
        "CHRG-113shrg88640",
        "CHRG-113shrg91169",
        "CHRG-113shrg91187",
        "CHRG-113shrg90798",
        "CHRG-113shrg91553",
        "CHRG-113shrg93289",
        "CHRG-113shrg87989",
        "CHRG-113shrg86355",
        "CHRG-113hhrg89739",
        "CHRG-113shrg91114",
        "CHRG-113hhrg80438",
        "CHRG-113shrg24005",
        "CHRG-113shrg86712",
        "CHRG-113shrg88039",
        "CHRG-113shrg92601",
        "CHRG-113shrg94293",
        "CHRG-113hhrg81939",
        "CHRG-113shrg24276",
        "CHRG-113shrg91389",
        "CHRG-113hhrg87428",
        "CHRG-113shrg86151",
        "CHRG-113shrg87928",
        "CHRG-113shrg20296",
        "CHRG-113hhrg87713",
        "CHRG-113shrg25451",
        "CHRG-113hhrg86278",
        "CHRG-113shrg92749",
        "CHRG-113shrg89687",
        "CHRG-113shrg93936",
        "CHRG-113shrg88885",
        "CHRG-113shrg91170",
        "CHRG-113shrg86776",
        "CHRG-113shrg91860",
        "CHRG-113hhrg86467",
        "CHRG-113shrg86346",
        "CHRG-113shrg82103",
        "CHRG-113shrg93290",
        "CHRG-113hhrg82218",
        "CHRG-113hhrg80286",
        "CHRG-113shrg85874",
        "CHRG-113shrg91297",
        "CHRG-113hhrg87431",
        "CHRG-113shrg94280",
        "CHRG-113shrg86148",
        "CHRG-113hhrg81507",
        "CHRG-113hhrg88817",
        "CHRG-113shrg78075",
        "CHRG-113hhrg80939",
        "CHRG-113hhrg87700",
        "CHRG-113shrg91142",
        "CHRG-113hhrg87670",
        "CHRG-113hhrg86872",
        "CHRG-113shrg86860",
        "CHRG-113shrg93035",
        "CHRG-113shrg93138",
        "CHRG-113shrg92750",
        "CHRG-113shrg81214",
        "CHRG-113hhrg81981",
        "CHRG-113shrg82796",
        "CHRG-113hhrg87049",
        "CHRG-113shrg87582",
        "CHRG-113hhrg81276",
        "CHRG-113shrg91138",
        "CHRG-113shrg94125",
        "CHRG-113shrg87566",
        "CHRG-113shrg86145",
        "CHRG-113shrg24286",
        "CHRG-113hhrg87961",
        "CHRG-113shrg81611",
        "CHRG-113hhrg91458",
        "CHRG-113shrg87360",
        "CHRG-113shrg81468",
        "CHRG-113shrg82863",
        "CHRG-113hhrg89384",
        "CHRG-113shrg24456",
        "CHRG-113shrg87803",
        "CHRG-113shrg85627",
        "CHRG-113hhrg85106",
        "CHRG-113shrg93841",
        "CHRG-113shrg91222",
        "CHRG-113shrg81299",
        "CHRG-113shrg20866",
        "CHRG-113hhrg86632",
        "CHRG-113shrg86554",
        "CHRG-113shrg86523",
        "CHRG-113hhrg90891",
        "CHRG-113shrg88305",
        "CHRG-113hhrg88453",
        "CHRG-113shrg93686",
        "CHRG-113hhrg89706",
        "CHRG-113hhrg80577",
        "CHRG-113shrg93615",
        "CHRG-113hhrg88997",
        "CHRG-113hhrg86961",
        "CHRG-113shrg22607",
        "CHRG-113shrg85910",
        "CHRG-113shrg88043",
        "CHRG-113hhrg91735",
        "CHRG-113shrg85634",
        "CHRG-113shrg87177",
        "CHRG-113hhrg87288",
        "CHRG-113shrg88340",
        "CHRG-113hhrg88461",
        "CHRG-113shrg85374",
        "CHRG-113shrg91554",
        "CHRG-113shrg86352",
        "CHRG-113hhrg86924",
        "CHRG-113shrg79736",
        "CHRG-113shrg91164",
        "CHRG-113shrg89658",
        "CHRG-113shrg86938",
        "CHRG-113shrg22609",
        "CHRG-113hhrg81150",
        "CHRG-113shrg95582",
        "CHRG-113shrg78057",
        "CHRG-113shrg24006",
        "CHRG-113hhrg88835",
        "CHRG-113shrg94193",
        "CHRG-113shrg85630",
        "CHRG-113hhrg81259",
        "CHRG-113shrg88886",
        "CHRG-113hhrg82139",
        "CHRG-113hhrg81168",
        "CHRG-113hhrg80347",
        "CHRG-113hhrg85610",
        "CHRG-113shrg89660",
        "CHRG-113shrg99635",
        "CHRG-113shrg87345",
        "CHRG-113shrg25452",
        "CHRG-113hhrg89702",
        "CHRG-113shrg85348",
        "CHRG-113shrg87851",
        "CHRG-113hhrg80216",
        "CHRG-113hhrg82458",
        "CHRG-113hhrg87432",
        "CHRG-113shrg22610",
        "CHRG-113hhrg81149",
        "CHRG-113hhrg91456",
        "CHRG-113hhrg80285",
        "CHRG-113shrg24808",
        "CHRG-113shrg24452",
        "CHRG-113hhrg86569",
        "CHRG-113shrg93277",
        "CHRG-113hhrg82266",
        "CHRG-113shrg91173",
        "CHRG-113shrg85629",
        "CHRG-113hhrg78454",
        "CHRG-113shrg88082",
        "CHRG-113hhrg85609",
        "CHRG-113shrg86863",
        "CHRG-113shrg82692",
        "CHRG-113shrg90894",
        "CHRG-113shrg87251",
        "CHRG-113hhrg86871",
        "CHRG-113shrg91141",
        "CHRG-113hhrg87333",
        "CHRG-113hhrg88980",
        "CHRG-113hhrg88819",
        "CHRG-113shrg92457",
        "CHRG-113shrg88752",
        "CHRG-113hhrg80937",
        "CHRG-113shrg94466",
        "CHRG-113shrg87581",
        "CHRG-113shrg80698",
        "CHRG-113shrg80132",
        "CHRG-113shrg26050",
        "CHRG-113shrg86864",
        "CHRG-113hhrg89838",
        "CHRG-113hhrg87500",
        "CHRG-113shrg86778",
        "CHRG-113shrg91190",
        "CHRG-113shrg86348",
        "CHRG-113hhrg81677",
        "CHRG-113hhrg87962",
        "CHRG-113hhrg85301",
        "CHRG-113shrg24285",
        "CHRG-113hhrg85392",
        "CHRG-113shrg88463",
        "CHRG-113shrg85117",
        "CHRG-113hhrg85641",
        "CHRG-113shrg81228",
        "CHRG-113shrg86146",
        "CHRG-113shrg91486",
        "CHRG-113hhrg86005",
        "CHRG-113shrg81440",
        "CHRG-113shrg86264",
        "CHRG-113shrg24504",
        "CHRG-113shrg88306",
        "CHRG-113shrg86877",
        "CHRG-113shrg90914",
        "CHRG-113shrg93412",
        "CHRG-113shrg86167",
        "CHRG-113shrg93028",
        "CHRG-113shrg93842",
        "CHRG-113hhrg87839",
        "CHRG-113shrg91189",
        "CHRG-113shrg91167",
        "CHRG-113shrg86351",
        "CHRG-113hhrg80436",
        "CHRG-113hhrg80291",
        "CHRG-113hhrg88351",
        "CHRG-113shrg85179"
    ],
    "114": [
        "CHRG-114shrg26727",
        "CHRG-114hhrg20500",
        "CHRG-114shrg34921",
        "CHRG-114hhrg22604",
        "CHRG-114shrg39435",
        "CHRG-114hhrg94309",
        "CHRG-114shrg30070",
        "CHRG-114shrg35993",
        "CHRG-114shrg27231",
        "CHRG-114shrg96181",
        "CHRG-114shrg96062",
        "CHRG-114shrg99665",
        "CHRG-114shrg24931",
        "CHRG-114shrg97882",
        "CHRG-114shrg25643",
        "CHRG-114shrg98771",
        "CHRG-114hhrg93465",
        "CHRG-114shrg28953",
        "CHRG-114hhrg95310",
        "CHRG-114shrg38556",
        "CHRG-114shrg20084",
        "CHRG-114shrg21183",
        "CHRG-114shrg98997",
        "CHRG-114hhrg21545",
        "CHRG-114shrg21369",
        "CHRG-114hhrg94187",
        "CHRG-114hhrg97958",
        "CHRG-114shrg27874",
        "CHRG-114shrg93357",
        "CHRG-114shrg98325",
        "CHRG-114shrg21581",
        "CHRG-114shrg30358",
        "CHRG-114shrg22270",
        "CHRG-114shrg21326",
        "CHRG-114shrg31304",
        "CHRG-114shrg98151",
        "CHRG-114shrg23486",
        "CHRG-114shrg38542",
        "CHRG-114shrg22200",
        "CHRG-114shrg28584",
        "CHRG-114shrg28323",
        "CHRG-114shrg30258",
        "CHRG-114shrg27873",
        "CHRG-114shrg26671",
        "CHRG-114hhrg20456",
        "CHRG-114shrg27080",
        "CHRG-114shrg99792",
        "CHRG-114shrg24274",
        "CHRG-114hhrg99930",
        "CHRG-114shrg23629",
        "CHRG-114hhrg21271",
        "CHRG-114shrg26841",
        "CHRG-114shrg28853",
        "CHRG-114hhrg94692",
        "CHRG-114hhrg97310",
        "CHRG-114shrg22427",
        "CHRG-114shrg25644",
        "CHRG-114shrg27093",
        "CHRG-114shrg21401",
        "CHRG-114hhrg98311",
        "CHRG-114shrg35994",
        "CHRG-114shrg28431",
        "CHRG-114shrg99668",
        "CHRG-114hhrg95762",
        "CHRG-114hhrg96910",
        "CHRG-114shrg30634",
        "CHRG-114shrg25336",
        "CHRG-114shrg27955",
        "CHRG-114hhrg94639",
        "CHRG-114hhrg94749",
        "CHRG-114shrg24523",
        "CHRG-114hhrg20499",
        "CHRG-114shrg93106",
        "CHRG-114shrg25921",
        "CHRG-114shrg30864",
        "CHRG-114shrg27232",
        "CHRG-114shrg96801",
        "CHRG-114shrg27131",
        "CHRG-114shrg25235",
        "CHRG-114shrg95604",
        "CHRG-114hhrg98188",
        "CHRG-114shrg30299",
        "CHRG-114hhrg20144",
        "CHRG-114shrg34922",
        "CHRG-114shrg30576",
        "CHRG-114hhrg97427",
        "CHRG-114hhrg22446",
        "CHRG-114shrg20973",
        "CHRG-114hhrg99435",
        "CHRG-114hhrg20638",
        "CHRG-114shrg28950",
        "CHRG-114hhrg96146",
        "CHRG-114shrg97532",
        "CHRG-114hhrg24709",
        "CHRG-114hhrg98580",
        "CHRG-114shrg96257",
        "CHRG-114shrg28797",
        "CHRG-114shrg28603",
        "CHRG-114hhrg93561",
        "CHRG-114hhrg22467",
        "CHRG-114shrg99691",
        "CHRG-114shrg96175",
        "CHRG-114shrg96108",
        "CHRG-114hhrg31123",
        "CHRG-114shrg22491",
        "CHRG-114shrg24074",
        "CHRG-114shrg98759",
        "CHRG-114hhrg21645",
        "CHRG-114shrg30219",
        "CHRG-114shrg22922",
        "CHRG-114shrg30462",
        "CHRG-114shrg21325",
        "CHRG-114hhrg97880",
        "CHRG-114shrg93127",
        "CHRG-114hhrg98603",
        "CHRG-114shrg25364",
        "CHRG-114shrg24956",
        "CHRG-114shrg23252",
        "CHRG-114shrg27084",
        "CHRG-114shrg29881",
        "CHRG-114shrg24506",
        "CHRG-114hhrg20062",
        "CHRG-114shrg25314",
        "CHRG-114hhrg21607",
        "CHRG-114shrg27083",
        "CHRG-114shrg99913",
        "CHRG-114shrg97728",
        "CHRG-114shrg96850",
        "CHRG-114shrg95801",
        "CHRG-114shrg25189",
        "CHRG-114hhrg20216",
        "CHRG-114shrg28480",
        "CHRG-114hhrg96999",
        "CHRG-114hhrg20840",
        "CHRG-114shrg24073",
        "CHRG-114shrg25682",
        "CHRG-114shrg26393",
        "CHRG-114hhrg97235",
        "CHRG-114shrg20922",
        "CHRG-114hhrg20259",
        "CHRG-114hhrg93209",
        "CHRG-114shrg96178",
        "CHRG-114shrg93112",
        "CHRG-114shrg35960",
        "CHRG-114jhrg94902",
        "CHRG-114hhrg20098",
        "CHRG-114shrg20720",
        "CHRG-114shrg94844",
        "CHRG-114hhrg95907",
        "CHRG-114shrg38216",
        "CHRG-114shrg96849",
        "CHRG-114hhrg21517",
        "CHRG-114shrg23575",
        "CHRG-114shrg26835",
        "CHRG-114shrg26938",
        "CHRG-114shrg24800",
        "CHRG-114shrg29843",
        "CHRG-114shrg34925",
        "CHRG-114shrg99481",
        "CHRG-114shrg22222",
        "CHRG-114hhrg20694",
        "CHRG-114shrg97273",
        "CHRG-114shrg21333",
        "CHRG-114hhrg20747",
        "CHRG-114shrg96252",
        "CHRG-114shrg31168",
        "CHRG-114shrg27171",
        "CHRG-114shrg99902",
        "CHRG-114shrg97884",
        "CHRG-114shrg25638",
        "CHRG-114shrg28537",
        "CHRG-114shrg99713",
        "CHRG-114shrg20569",
        "CHRG-114shrg28077",
        "CHRG-114shrg35995",
        "CHRG-114hhrg20498",
        "CHRG-114shrg22414",
        "CHRG-114shrg24522",
        "CHRG-114shrg95692",
        "CHRG-114shrg29841",
        "CHRG-114hhrg98873",
        "CHRG-114shrg97627",
        "CHRG-114shrg26824",
        "CHRG-114hhrg20214",
        "CHRG-114shrg25808",
        "CHRG-114hhrg92556",
        "CHRG-114shrg27081",
        "CHRG-114shrg22191",
        "CHRG-114shrg29447",
        "CHRG-114shrg20957",
        "CHRG-114hhrg99931",
        "CHRG-114hhrg95247",
        "CHRG-114shrg26536",
        "CHRG-114shrg99694",
        "CHRG-114shrg30552",
        "CHRG-114shrg26911",
        "CHRG-114shrg26098",
        "CHRG-114shrg98991",
        "CHRG-114shrg35962",
        "CHRG-114shrg25619",
        "CHRG-114hhrg20842",
        "CHRG-114hhrg93915",
        "CHRG-114hhrg98884",
        "CHRG-114shrg22950",
        "CHRG-114hhrg21647",
        "CHRG-114shrg27830",
        "CHRG-114shrg20950",
        "CHRG-114hhrg92849",
        "CHRG-114shrg96177",
        "CHRG-114hhrg21544",
        "CHRG-114shrg98769",
        "CHRG-114shrg34011",
        "CHRG-114hhrg21675",
        "CHRG-114shrg30664",
        "CHRG-114shrg99546",
        "CHRG-114hhrg98828",
        "CHRG-114shrg26590",
        "CHRG-114shrg22944",
        "CHRG-114shrg30396",
        "CHRG-114shrg34920",
        "CHRG-114hhrg98459",
        "CHRG-114shrg20949",
        "CHRG-114shrg27770",
        "CHRG-114shrg28984",
        "CHRG-114shrg99664",
        "CHRG-114shrg27230",
        "CHRG-114hhrg96275",
        "CHRG-114shrg35992",
        "CHRG-114shrg20725",
        "CHRG-114hhrg94607",
        "CHRG-114shrg31181",
        "CHRG-114shrg28676",
        "CHRG-114hhrg20174",
        "CHRG-114shrg99656",
        "CHRG-114hhrg21518",
        "CHRG-114shrg96831",
        "CHRG-114shrg28828",
        "CHRG-114shrg28952",
        "CHRG-114shrg22978",
        "CHRG-114shrg92973",
        "CHRG-114shrg20721",
        "CHRG-114shrg23034",
        "CHRG-114shrg20525",
        "CHRG-114shrg34924",
        "CHRG-114shrg29842",
        "CHRG-114hhrg20148",
        "CHRG-114shrg20687",
        "CHRG-114shrg99569",
        "CHRG-114shrg35996",
        "CHRG-114hhrg20695",
        "CHRG-114shrg96067",
        "CHRG-114hhrg99851",
        "CHRG-114shrg22223",
        "CHRG-114hhrg99754",
        "CHRG-114hhrg94689",
        "CHRG-114shrg27082",
        "CHRG-114shrg95387",
        "CHRG-114shrg21483",
        "CHRG-114shrg96248",
        "CHRG-114shrg20642",
        "CHRG-114hhrg20080",
        "CHRG-114hhrg94833",
        "CHRG-114shrg20446",
        "CHRG-114shrg96851",
        "CHRG-114shrg97729",
        "CHRG-114hhrg20836",
        "CHRG-114shrg99570",
        "CHRG-114hhrg21309",
        "CHRG-114hhrg21540",
        "CHRG-114shrg35961",
        "CHRG-114shrg30526",
        "CHRG-114shrg20923",
        "CHRG-114shrg99603",
        "CHRG-114shrg99690",
        "CHRG-114shrg96174",
        "CHRG-114hhrg97857",
        "CHRG-114shrg20924",
        "CHRG-114shrg21905",
        "CHRG-114shrg99927",
        "CHRG-114shrg29501",
        "CHRG-114hhrg93536",
        "CHRG-114shrg98386",
        "CHRG-114hhrg98245",
        "CHRG-114shrg25116",
        "CHRG-114shrg30414",
        "CHRG-114hhrg20750",
        "CHRG-114hhrg93579",
        "CHRG-114shrg24850",
        "CHRG-114shrg99538",
        "CHRG-114shrg35991",
        "CHRG-114hhrg21529",
        "CHRG-114hhrg99471",
        "CHRG-114shrg27233",
        "CHRG-114hhrg97463",
        "CHRG-114shrg20359",
        "CHRG-114shrg34923",
        "CHRG-114shrg29581",
        "CHRG-114shrg21436",
        "CHRG-114shrg30927",
        "CHRG-114shrg26844",
        "CHRG-114shrg28951",
        "CHRG-114hhrg20639",
        "CHRG-114hhrg97426",
        "CHRG-114shrg99368",
        "CHRG-114shrg24849",
        "CHRG-114hhrg98948",
        "CHRG-114shrg26717",
        "CHRG-114shrg98343",
        "CHRG-114shrg96256",
        "CHRG-114shrg20726"
    ],
    "115": [
        "CHRG-115hhrg24297",
        "CHRG-115shrg39880",
        "CHRG-115shrg40436",
        "CHRG-115hhrg25482",
        "CHRG-115shrg30208",
        "CHRG-115hhrg30529",
        "CHRG-115shrg36603",
        "CHRG-115shrg27794",
        "CHRG-115shrg40291",
        "CHRG-115shrg33483",
        "CHRG-115hhrg25322",
        "CHRG-115shrg28601",
        "CHRG-115hhrg24695",
        "CHRG-115shrg39856",
        "CHRG-115hhrg30588",
        "CHRG-115shrg36646",
        "CHRG-115shrg40924",
        "CHRG-115shrg40404",
        "CHRG-115shrg37610",
        "CHRG-115hhrg29961",
        "CHRG-115shrg42143",
        "CHRG-115shrg36191",
        "CHRG-115shrg28496",
        "CHRG-115hhrg38053",
        "CHRG-115shrg40165",
        "CHRG-115shrg29855",
        "CHRG-115shrg38796",
        "CHRG-115hhrg30530",
        "CHRG-115shrg30211",
        "CHRG-115hhrg31566",
        "CHRG-115shrg40361",
        "CHRG-115hhrg26289",
        "CHRG-115shrg24573",
        "CHRG-115hhrg30952",
        "CHRG-115shrg39832",
        "CHRG-115hhrg33310",
        "CHRG-115hhrg25309",
        "CHRG-115shrg35140",
        "CHRG-115hhrg34009",
        "CHRG-115shrg44116",
        "CHRG-115shrg41882",
        "CHRG-115hhrg33620",
        "CHRG-115shrg40253",
        "CHRG-115shrg42589",
        "CHRG-115shrg36421",
        "CHRG-115shrg28836",
        "CHRG-115shrg30840",
        "CHRG-115shrg40669",
        "CHRG-115shrg37709",
        "CHRG-115hhrg31454",
        "CHRG-115shrg36116",
        "CHRG-115shrg30020",
        "CHRG-115hhrg25917",
        "CHRG-115shrg35239",
        "CHRG-115shrg28423",
        "CHRG-115shrg37105",
        "CHRG-115hhrg24210",
        "CHRG-115hhrg26429",
        "CHRG-115shrg40552",
        "CHRG-115shrg29928",
        "CHRG-115hhrg30540",
        "CHRG-115hhrg27163",
        "CHRG-115hhrg31447",
        "CHRG-115shrg37710",
        "CHRG-115hhrg27013",
        "CHRG-115hhrg25727",
        "CHRG-115shrg43266",
        "CHRG-115hhrg27284",
        "CHRG-115shrg29804",
        "CHRG-115shrg34175",
        "CHRG-115shrg40403",
        "CHRG-115shrg40579",
        "CHRG-115shrg33940",
        "CHRG-115shrg28204",
        "CHRG-115shrg40861",
        "CHRG-115shrg35281",
        "CHRG-115shrg39919",
        "CHRG-115hhrg32657",
        "CHRG-115shrg38321",
        "CHRG-115shrg30986",
        "CHRG-115shrg40276",
        "CHRG-115shrg32636",
        "CHRG-115hhrg24179",
        "CHRG-115shrg40371",
        "CHRG-115shrg36854",
        "CHRG-115shrg36503",
        "CHRG-115shrg30005",
        "CHRG-115hhrg36665",
        "CHRG-115shrg32301",
        "CHRG-115hhrg32364",
        "CHRG-115hhrg25842",
        "CHRG-115hhrg32659",
        "CHRG-115hhrg30017",
        "CHRG-115shrg41257",
        "CHRG-115shrg35285",
        "CHRG-115shrg24998",
        "CHRG-115shrg31487",
        "CHRG-115shrg38874",
        "CHRG-115shrg36192",
        "CHRG-115shrg28501",
        "CHRG-115hhrg29812",
        "CHRG-115shrg34738",
        "CHRG-115hhrg31307",
        "CHRG-115shrg28602",
        "CHRG-115hhrg29519",
        "CHRG-115shrg38138",
        "CHRG-115shrg32318",
        "CHRG-115hhrg30544",
        "CHRG-115shrg35278",
        "CHRG-115shrg27024",
        "CHRG-115shrg37546",
        "CHRG-115shrg32320",
        "CHRG-115shrg28518",
        "CHRG-115shrg39762",
        "CHRG-115shrg27315",
        "CHRG-115shrg36528",
        "CHRG-115shrg34311",
        "CHRG-115shrg39831",
        "CHRG-115shrg40487",
        "CHRG-115shrg38379",
        "CHRG-115hhrg35126",
        "CHRG-115shrg37503",
        "CHRG-115shrg35237",
        "CHRG-115shrg40580",
        "CHRG-115shrg37823",
        "CHRG-115shrg40419",
        "CHRG-115shrg28661",
        "CHRG-115shrg36756",
        "CHRG-115shrg34118",
        "CHRG-115shrg35794",
        "CHRG-115shrg37504",
        "CHRG-115shrg31196",
        "CHRG-115shrg40413",
        "CHRG-115shrg34875",
        "CHRG-115shrg38989",
        "CHRG-115hhrg30345",
        "CHRG-115shrg28945",
        "CHRG-115shrg36115",
        "CHRG-115shrg39765",
        "CHRG-115shrg29640",
        "CHRG-115shrg36687",
        "CHRG-115hhrg30543",
        "CHRG-115shrg38241",
        "CHRG-115shrg41249",
        "CHRG-115hhrg25576",
        "CHRG-115shrg38578",
        "CHRG-115hhrg25238",
        "CHRG-115hhrg25557",
        "CHRG-115shrg40493",
        "CHRG-115hhrg32666",
        "CHRG-115shrg35460",
        "CHRG-115shrg28498",
        "CHRG-115hhrg32363",
        "CHRG-115hhrg25845",
        "CHRG-115hhrg27226",
        "CHRG-115shrg24085",
        "CHRG-115shrg37908",
        "CHRG-115shrg35266",
        "CHRG-115shrg28637",
        "CHRG-115shrg41250",
        "CHRG-115shrg40862",
        "CHRG-115shrg35282",
        "CHRG-115hhrg30527",
        "CHRG-115shrg29481",
        "CHRG-115shrg30196",
        "CHRG-115shrg35942",
        "CHRG-115shrg27649",
        "CHRG-115shrg36433",
        "CHRG-115shrg40671",
        "CHRG-115shrg38116",
        "CHRG-115shrg37782",
        "CHRG-115hhrg31446",
        "CHRG-115shrg36173",
        "CHRG-115shrg38365",
        "CHRG-115shrg40475",
        "CHRG-115shrg35666",
        "CHRG-115hhrg25555",
        "CHRG-115shrg32958",
        "CHRG-115shrg28536",
        "CHRG-115hhrg26375",
        "CHRG-115shrg25925",
        "CHRG-115shrg40390",
        "CHRG-115shrg30194",
        "CHRG-115shrg42743",
        "CHRG-115shrg36708",
        "CHRG-115shrg40430",
        "CHRG-115shrg40447",
        "CHRG-115shrg35280",
        "CHRG-115shrg34036",
        "CHRG-115shrg41967",
        "CHRG-115shrg38445",
        "CHRG-115shrg30021",
        "CHRG-115shrg40668",
        "CHRG-115shrg38105",
        "CHRG-115shrg28837",
        "CHRG-115shrg37332",
        "CHRG-115hhrg33621",
        "CHRG-115shrg35238",
        "CHRG-115hhrg25192",
        "CHRG-115shrg24145",
        "CHRG-115shrg39933",
        "CHRG-115hhrg33062",
        "CHRG-115shrg26817",
        "CHRG-115hhrg26311",
        "CHRG-115hhrg27859",
        "CHRG-115shrg40163",
        "CHRG-115hhrg30541",
        "CHRG-115hhrg24656",
        "CHRG-115hhrg26428",
        "CHRG-115hhrg26805",
        "CHRG-115hhrg32305",
        "CHRG-115shrg40164",
        "CHRG-115shrg30210",
        "CHRG-115hhrg30531",
        "CHRG-115shrg27588",
        "CHRG-115shrg29590",
        "CHRG-115shrg36845",
        "CHRG-115shrg42873",
        "CHRG-115shrg40384",
        "CHRG-115shrg39833",
        "CHRG-115shrg35696",
        "CHRG-115shrg27803",
        "CHRG-115shrg40416",
        "CHRG-115shrg39943",
        "CHRG-115hhrg27632",
        "CHRG-115shrg29638",
        "CHRG-115shrg44117",
        "CHRG-115hhrg33311",
        "CHRG-115shrg26822",
        "CHRG-115hhrg35710",
        "CHRG-115shrg39667",
        "CHRG-115hhrg30528",
        "CHRG-115shrg40883",
        "CHRG-115shrg36348",
        "CHRG-115shrg28638",
        "CHRG-115shrg31156",
        "CHRG-115shrg31485",
        "CHRG-115hhrg24296",
        "CHRG-115shrg26890",
        "CHRG-115shrg38949",
        "CHRG-115shrg31612",
        "CHRG-115shrg36576",
        "CHRG-115shrg40290",
        "CHRG-115shrg39736",
        "CHRG-115shrg37486",
        "CHRG-115hhrg25186",
        "CHRG-115shrg40341",
        "CHRG-115shrg33623",
        "CHRG-115hhrg26047",
        "CHRG-115shrg35762",
        "CHRG-115shrg36204",
        "CHRG-115shrg43314",
        "CHRG-115shrg38896",
        "CHRG-115hhrg32414",
        "CHRG-115shrg28499",
        "CHRG-115hhrg27551",
        "CHRG-115shrg38614",
        "CHRG-115shrg31125",
        "CHRG-115shrg35283",
        "CHRG-115shrg34496",
        "CHRG-115shrg40444",
        "CHRG-115hhrg32362",
        "CHRG-115shrg28965",
        "CHRG-115hhrg26376",
        "CHRG-115hhrg24442",
        "CHRG-115hhrg33061",
        "CHRG-115hhrg29364",
        "CHRG-115shrg37142",
        "CHRG-115hhrg25191",
        "CHRG-115hhrg28672",
        "CHRG-115hhrg30709",
        "CHRG-115shrg28514",
        "CHRG-115shrg39614",
        "CHRG-115hhrg24833",
        "CHRG-115shrg30022",
        "CHRG-115hhrg24655",
        "CHRG-115hhrg30172",
        "CHRG-115shrg39552",
        "CHRG-115hhrg30542",
        "CHRG-115hhrg28270",
        "CHRG-115hhrg26286",
        "CHRG-115hhrg31569",
        "CHRG-115shrg26919",
        "CHRG-115shrg35430",
        "CHRG-115shrg40387",
        "CHRG-115shrg39808",
        "CHRG-115hhrg30102",
        "CHRG-115shrg35279",
        "CHRG-115shrg39978",
        "CHRG-115hhrg30532",
        "CHRG-115shrg34389",
        "CHRG-115shrg30058",
        "CHRG-115hhrg29520",
        "CHRG-115shrg26598",
        "CHRG-115shrg28519",
        "CHRG-115hhrg33312",
        "CHRG-115shrg40415",
        "CHRG-115shrg29962",
        "CHRG-115hhrg28576",
        "CHRG-115shrg34013",
        "CHRG-115shrg37591",
        "CHRG-115hhrg24789",
        "CHRG-115hhrg26276",
        "CHRG-115shrg40370",
        "CHRG-115hhrg31577",
        "CHRG-115hhrg24912",
        "CHRG-115shrg30987",
        "CHRG-115shrg29844",
        "CHRG-115shrg31486",
        "CHRG-115shrg35284",
        "CHRG-115hhrg29796",
        "CHRG-115hhrg32658",
        "CHRG-115hhrg32365",
        "CHRG-115shrg38452",
        "CHRG-115shrg34390",
        "CHRG-115shrg30926",
        "CHRG-115shrg38062",
        "CHRG-115shrg28494",
        "CHRG-115shrg39600",
        "CHRG-115hhrg25312",
        "CHRG-115hhrg31448",
        "CHRG-115hhrg29544",
        "CHRG-115shrg29655",
        "CHRG-115shrg40598",
        "CHRG-115shrg34430",
        "CHRG-115hhrg27218",
        "CHRG-115hhrg31306",
        "CHRG-115shrg36644",
        "CHRG-115shrg37588",
        "CHRG-115shrg37566"
    ],
    "116": [
        "CHRG-116hhrg38187",
        "CHRG-116shrg46163",
        "CHRG-116hhrg35567",
        "CHRG-116hhrg41895",
        "CHRG-116hhrg42577",
        "CHRG-116shrg38966",
        "CHRG-116hhrg35359",
        "CHRG-116hhrg35664",
        "CHRG-116shrg38799",
        "CHRG-116shrg45917",
        "CHRG-116hhrg37756",
        "CHRG-116shrg40550",
        "CHRG-116hhrg35361",
        "CHRG-116shrg40624",
        "CHRG-116shrg42427",
        "CHRG-116hhrg41105",
        "CHRG-116shrg46000",
        "CHRG-116shrg42238",
        "CHRG-116shrg41313",
        "CHRG-116shrg43753",
        "CHRG-116shrg38975",
        "CHRG-116hhrg40464",
        "CHRG-116shrg38991",
        "CHRG-116shrg45113",
        "CHRG-116hhrg38606",
        "CHRG-116hhrg39804",
        "CHRG-116hhrg38236",
        "CHRG-116shrg35990",
        "CHRG-116shrg40533",
        "CHRG-116shrg38613",
        "CHRG-116hhrg40628",
        "CHRG-116hhrg42185",
        "CHRG-116hhrg39582",
        "CHRG-116shrg41994",
        "CHRG-116hhrg39768",
        "CHRG-116shrg40471",
        "CHRG-116shrg44390",
        "CHRG-116hhrg38007",
        "CHRG-116hhrg36770",
        "CHRG-116hhrg38612",
        "CHRG-116hhrg35261",
        "CHRG-116shrg36846",
        "CHRG-116shrg46156",
        "CHRG-116shrg40907",
        "CHRG-116shrg45967",
        "CHRG-116hhrg37316",
        "CHRG-116hhrg37050",
        "CHRG-116hhrg41368",
        "CHRG-116hhrg37847",
        "CHRG-116shrg42932",
        "CHRG-116shrg40682",
        "CHRG-116hhrg37664",
        "CHRG-116hhrg36985",
        "CHRG-116shrg40845",
        "CHRG-116shrg40712",
        "CHRG-116hhrg39401",
        "CHRG-116hhrg40597",
        "CHRG-116shrg41447",
        "CHRG-116hhrg41908",
        "CHRG-116shrg41309",
        "CHRG-116shrg39843",
        "CHRG-116shrg42358",
        "CHRG-116shrg41303",
        "CHRG-116shrg45146",
        "CHRG-116shrg40873",
        "CHRG-116hhrg36400",
        "CHRG-116hhrg37722",
        "CHRG-116shrg40423",
        "CHRG-116hhrg35334",
        "CHRG-116shrg41873",
        "CHRG-116shrg42472",
        "CHRG-116hhrg35603",
        "CHRG-116hhrg41966",
        "CHRG-116hhrg38913",
        "CHRG-116shrg46003",
        "CHRG-116hhrg41954",
        "CHRG-116hhrg36153",
        "CHRG-116hhrg39729",
        "CHRG-116hhrg35818",
        "CHRG-116hhrg40261",
        "CHRG-116shrg45894",
        "CHRG-116shrg40984",
        "CHRG-116shrg46691",
        "CHRG-116shrg40644",
        "CHRG-116shrg39599",
        "CHRG-116shrg45465",
        "CHRG-116hhrg37609",
        "CHRG-116hhrg36315",
        "CHRG-116shrg41890",
        "CHRG-116shrg40771",
        "CHRG-116shrg40523",
        "CHRG-116hhrg39647",
        "CHRG-116shrg38674",
        "CHRG-116shrg38797",
        "CHRG-116shrg40529",
        "CHRG-116hhrg36599",
        "CHRG-116hhrg38351",
        "CHRG-116shrg45640",
        "CHRG-116hhrg35381",
        "CHRG-116shrg40360",
        "CHRG-116hhrg38183",
        "CHRG-116shrg40681",
        "CHRG-116hhrg44798",
        "CHRG-116shrg35966",
        "CHRG-116hhrg35367",
        "CHRG-116shrg40801",
        "CHRG-116hhrg37283",
        "CHRG-116shrg45966",
        "CHRG-116shrg42755",
        "CHRG-116shrg46157",
        "CHRG-116shrg40426",
        "CHRG-116shrg41448",
        "CHRG-116shrg36452",
        "CHRG-116hhrg42242",
        "CHRG-116hhrg39699",
        "CHRG-116shrg40519",
        "CHRG-116shrg41306",
        "CHRG-116shrg41934",
        "CHRG-116shrg45018",
        "CHRG-116hhrg37397",
        "CHRG-116hhrg36210",
        "CHRG-116hhrg42321",
        "CHRG-116shrg40773",
        "CHRG-116hhrg42158",
        "CHRG-116hhrg38006",
        "CHRG-116hhrg36979",
        "CHRG-116shrg40599",
        "CHRG-116shrg42239",
        "CHRG-116hhrg43103",
        "CHRG-116shrg38990",
        "CHRG-116shrg43315",
        "CHRG-116hhrg37505",
        "CHRG-116shrg37224",
        "CHRG-116hhrg39947",
        "CHRG-116shrg45808",
        "CHRG-116shrg43844",
        "CHRG-116shrg37366",
        "CHRG-116hhrg38240",
        "CHRG-116shrg42191",
        "CHRG-116shrg39482",
        "CHRG-116shrg40834",
        "CHRG-116hhrg35566",
        "CHRG-116shrg39585",
        "CHRG-116hhrg40775",
        "CHRG-116hhrg36093",
        "CHRG-116shrg39668",
        "CHRG-116shrg41862",
        "CHRG-116hhrg39490",
        "CHRG-116shrg41243",
        "CHRG-116shrg37106",
        "CHRG-116shrg46154",
        "CHRG-116hhrg37724",
        "CHRG-116hhrg35894",
        "CHRG-116shrg43885",
        "CHRG-116shrg42323",
        "CHRG-116shrg39942",
        "CHRG-116hhrg35568",
        "CHRG-116shrg40484",
        "CHRG-116hhrg35788",
        "CHRG-116hhrg42241",
        "CHRG-116hhrg37512",
        "CHRG-116hhrg44270",
        "CHRG-116shrg40985",
        "CHRG-116shrg36349",
        "CHRG-116hhrg44616",
        "CHRG-116hhrg37705",
        "CHRG-116hhrg42126",
        "CHRG-116hhrg37608",
        "CHRG-116hhrg36427",
        "CHRG-116shrg42240",
        "CHRG-116hhrg41960",
        "CHRG-116hhrg38818",
        "CHRG-116shrg35617",
        "CHRG-116hhrg38741",
        "CHRG-116shrg41181",
        "CHRG-116hhrg42322",
        "CHRG-116hhrg37041",
        "CHRG-116shrg40600",
        "CHRG-116shrg39678",
        "CHRG-116shrg40240",
        "CHRG-116shrg46295",
        "CHRG-116shrg42247",
        "CHRG-116shrg40504",
        "CHRG-116shrg42192",
        "CHRG-116shrg40536",
        "CHRG-116hhrg40284",
        "CHRG-116shrg40614",
        "CHRG-116hhrg40596",
        "CHRG-116hhrg41284",
        "CHRG-116hhrg38976",
        "CHRG-116shrg41302",
        "CHRG-116hhrg35565",
        "CHRG-116shrg36312",
        "CHRG-116hhrg41114",
        "CHRG-116hhrg34740",
        "CHRG-116shrg44362",
        "CHRG-116shrg38506",
        "CHRG-116hhrg39438",
        "CHRG-116hhrg37993",
        "CHRG-116hhrg35369",
        "CHRG-116hhrg35877",
        "CHRG-116shrg46153",
        "CHRG-116shrg41330",
        "CHRG-116hhrg37723",
        "CHRG-116shrg40872",
        "CHRG-116hhrg36595"
    ],
    "117": [
        "CHRG-117hhrg45581",
        "CHRG-117shrg43891",
        "CHRG-117hhrg45539",
        "CHRG-117shrg46334",
        "CHRG-117hhrg45851",
        "CHRG-117shrg45206",
        "CHRG-117shrg45965",
        "CHRG-117shrg43929",
        "CHRG-117shrg45535",
        "CHRG-117shrg46487",
        "CHRG-117shrg44456",
        "CHRG-117shrg46315",
        "CHRG-117shrg44905",
        "CHRG-117shrg46388",
        "CHRG-117hhrg44771",
        "CHRG-117shrg46375",
        "CHRG-117shrg45484",
        "CHRG-117hhrg45547",
        "CHRG-117shrg45282",
        "CHRG-117shrg46330",
        "CHRG-117shrg46033",
        "CHRG-117hhrg44946",
        "CHRG-117shrg46034",
        "CHRG-117hhrg45093",
        "CHRG-117shrg45366",
        "CHRG-117shrg46372",
        "CHRG-117hhrg43863",
        "CHRG-117shrg45308",
        "CHRG-117shrg46223",
        "CHRG-117shrg46165",
        "CHRG-117hhrg44077",
        "CHRG-117shrg44721",
        "CHRG-117hhrg45466",
        "CHRG-117shrg44465",
        "CHRG-117hhrg43614",
        "CHRG-117shrg46167",
        "CHRG-117hhrg45660",
        "CHRG-117shrg45269",
        "CHRG-117shrg44913",
        "CHRG-117shrg44074",
        "CHRG-117hhrg46265",
        "CHRG-117shrg45486",
        "CHRG-117shrg43890",
        "CHRG-117shrg46294",
        "CHRG-117shrg44406",
        "CHRG-117hhrg45368",
        "CHRG-117hhrg44494",
        "CHRG-117shrg44326",
        "CHRG-117hhrg43320",
        "CHRG-117hhrg45455",
        "CHRG-117hhrg44966",
        "CHRG-117shrg44974",
        "CHRG-117hhrg44947",
        "CHRG-117shrg46692",
        "CHRG-117shrg44045",
        "CHRG-117shrg45021",
        "CHRG-117shrg45566",
        "CHRG-117shrg46695",
        "CHRG-117hhrg45546",
        "CHRG-117shrg46491",
        "CHRG-117shrg44973",
        "CHRG-117shrg46553",
        "CHRG-117shrg45209",
        "CHRG-117shrg46488"
    ]
}